lat_r,lon_r,accident_count
8.86,76.61,73487.0
8.86,76.62,48479.0
8.86,76.63,125168.0
8.86,76.64,98370.0
8.86,76.65,197732.0
8.86,76.66,98291.0
8.86,76.67,270242.0
8.86,76.68,198595.0
8.86,76.69,144818.0
8.86,76.7,145627.0
8.87,76.61,1600527.0
8.87,76.62,2551093.0
8.87,76.63,2174867.0
8.87,76.64,1948555.0
8.87,76.65,2035207.0
8.87,76.66,1970557.0
8.87,76.67,2549400.0
8.87,76.68,2003781.0
8.87,76.69,2202509.0
8.87,76.7,906027.0
8.88,76.61,1131671.0
8.88,76.62,2422361.0
8.88,76.63,2197304.0
8.88,76.64,1877792.0
8.88,76.65,2082703.0
8.88,76.66,1879661.0
8.88,76.67,2491364.0
8.88,76.68,2740772.0
8.88,76.69,2540408.0
8.88,76.7,861023.0
8.89,76.61,1186624.0
8.89,76.62,2153539.0
8.89,76.63,1949281.0
8.89,76.64,2157194.0
8.89,76.65,1924474.0
8.89,76.66,1798461.0
8.89,76.67,2203878.0
8.89,76.68,2641170.0
8.89,76.69,2604397.0
8.89,76.7,988742.0
8.9,76.61,224860.0
8.9,76.62,294992.0
8.9,76.63,271835.0
8.9,76.64,276637.0
8.9,76.65,172592.0
8.9,76.66,518341.0
8.9,76.67,439751.0
8.9,76.68,346490.0
8.9,76.69,273784.0
8.9,76.7,223267.0
12.97,77.51,263891.0
12.97,77.52,400869.0
12.97,77.53,324307.0
12.97,77.54,464144.0
12.97,77.55,174890.0
12.97,77.56,201951.0
12.97,77.57,442517.0
12.97,77.58,417617.0
12.97,77.59,356408.0
12.97,77.6,371661.0
12.97,77.61,261433.0
12.97,77.62,308747.0
12.97,77.63,485673.0
12.97,77.64,482647.0
12.97,77.65,331685.0
12.97,77.66,549005.0
12.97,77.67,287776.0
12.97,77.68,178248.0
12.98,77.51,240870.0
12.98,77.52,265266.0
12.98,77.53,487606.0
12.98,77.54,504547.0
12.98,77.55,331714.0
12.98,77.56,401715.0
12.98,77.57,421313.0
12.98,77.58,315333.0
12.98,77.59,469460.0
12.98,77.6,402619.0
12.98,77.61,349225.0
12.98,77.62,439510.0
12.98,77.63,374504.0
12.98,77.64,307374.0
12.98,77.65,264802.0
12.98,77.66,513131.0
12.98,77.67,354175.0
12.98,77.68,219369.0
12.99,77.51,395351.0
12.99,77.52,328837.0
12.99,77.53,578446.0
12.99,77.54,330723.0
12.99,77.55,332540.0
12.99,77.56,354477.0
12.99,77.57,356183.0
12.99,77.58,479841.0
12.99,77.59,458797.0
12.99,77.6,284283.0
12.99,77.61,411013.0
12.99,77.62,488720.0
12.99,77.63,383787.0
12.99,77.64,507756.0
12.99,77.65,509364.0
12.99,77.66,464974.0
12.99,77.67,372393.0
12.99,77.68,175827.0
13.0,77.51,132279.0
13.0,77.52,559245.0
13.0,77.53,467755.0
13.0,77.54,350478.0
13.0,77.55,488778.0
13.0,77.56,440210.0
13.0,77.57,333473.0
13.0,77.58,439214.0
13.0,77.59,398298.0
13.0,77.6,398538.0
13.0,77.61,394383.0
13.0,77.62,624332.0
13.0,77.63,329970.0
13.0,77.64,555693.0
13.0,77.65,467109.0
13.0,77.66,485518.0
13.0,77.67,284701.0
13.0,77.68,87661.0
13.01,77.51,313009.0
13.01,77.52,332009.0
13.01,77.53,328220.0
13.01,77.54,510745.0
13.01,77.55,419570.0
13.01,77.56,448455.0
13.01,77.57,373894.0
13.01,77.58,465042.0
13.01,77.59,552102.0
13.01,77.6,374531.0
13.01,77.61,418269.0
13.01,77.62,577151.0
13.01,77.63,330191.0
13.01,77.64,266250.0
13.01,77.65,358913.0
13.01,77.66,374751.0
13.01,77.67,266998.0
13.01,77.68,197216.0
13.02,77.51,219711.0
13.02,77.52,600658.0
13.02,77.53,395875.0
13.02,77.54,447232.0
13.02,77.55,459758.0
13.02,77.56,398149.0
13.02,77.57,489313.0
13.02,77.58,357130.0
13.02,77.59,587112.0
13.02,77.6,419665.0
13.02,77.61,469205.0
13.02,77.62,308528.0
13.02,77.63,442424.0
13.02,77.64,510698.0
13.02,77.65,399518.0
13.02,77.66,373044.0
13.02,77.67,505566.0
13.02,77.68,306378.0
13.03,77.51,358027.0
13.03,77.52,328233.0
13.03,77.53,421535.0
13.03,77.54,285517.0
13.03,77.55,307694.0
13.03,77.56,420175.0
13.03,77.57,330848.0
13.03,77.58,351889.0
13.03,77.59,484760.0
13.03,77.6,442397.0
13.03,77.61,438682.0
13.03,77.62,379502.0
13.03,77.63,355580.0
13.03,77.64,305312.0
13.03,77.65,381760.0
13.03,77.66,311449.0
13.03,77.67,454750.0
13.03,77.68,67839.0
13.04,77.51,286333.0
13.04,77.52,348695.0
13.04,77.53,397474.0
13.04,77.54,327231.0
13.04,77.55,401036.0
13.04,77.56,549690.0
13.04,77.57,482424.0
13.04,77.58,591876.0
13.04,77.59,529838.0
13.04,77.6,244940.0
13.04,77.61,353385.0
13.04,77.62,493525.0
13.04,77.63,494748.0
13.04,77.64,399509.0
13.04,77.65,306515.0
13.04,77.66,331437.0
13.04,77.67,309693.0
13.04,77.68,198614.0
13.05,77.51,64893.0
13.05,77.52,66896.0
13.05,77.53,130138.0
13.05,77.54,132357.0
13.05,77.55,66793.0
13.05,77.56,130810.0
13.05,77.57,154757.0
13.05,77.58,154502.0
13.05,77.59,109726.0
13.05,77.6,67343.0
13.05,77.61,43224.0
13.05,77.62,87513.0
13.05,77.63,181141.0
13.05,77.64,198778.0
13.05,77.65,114467.0
13.05,77.66,133539.0
13.05,77.67,66808.0
13.05,77.68,67874.0
14.4,79.24,59556.0
14.42,70.24,59278.0
14.43,83.53,59450.0
14.46,80.28,59777.0
14.46,88.22,59009.0
14.48,84.49,58968.0
14.49,77.14,59580.0
14.49,79.26,59433.0
14.49,82.62,59910.0
14.51,85.31,59161.0
14.52,78.04,59659.0
14.52,81.32,59902.0
14.52,86.91,59843.0
14.54,82.25,59294.0
14.55,82.34,59190.0
14.55,88.38,58829.0
14.57,77.01,59680.0
14.58,71.32,59836.0
14.6,79.64,58924.0
14.6,80.38,59359.0
14.61,85.59,59081.0
14.62,86.3,59687.0
14.64,79.75,58897.0
14.64,87.6,59589.0
14.66,78.46,4423.0
14.66,78.47,7280.0
14.66,78.48,11404.0
14.66,78.49,12663.0
14.66,78.5,10836.0
14.66,78.51,18758.0
14.66,78.52,12247.0
14.66,78.53,5117.0
14.66,78.54,18420.0
14.66,78.55,9656.0
14.66,78.56,7132.0
14.66,78.57,14528.0
14.66,78.58,5580.0
14.66,78.59,10560.0
14.66,78.6,10009.0
14.66,78.61,21618.0
14.66,78.62,11142.0
14.66,78.63,10895.0
14.66,78.64,6505.0
14.67,69.44,59115.0
14.67,70.95,59309.0
14.67,78.47,17963.0
14.67,78.48,16414.0
14.67,78.49,9881.0
14.67,78.5,19890.0
14.67,78.51,12948.0
14.67,78.52,8563.0
14.67,78.53,11221.0
14.67,78.54,14373.0
14.67,78.55,8625.0
14.67,78.56,12042.0
14.67,78.57,16867.0
14.67,78.58,7132.0
14.67,78.59,10227.0
14.67,78.6,13456.0
14.67,78.61,8951.0
14.67,78.62,7274.0
14.67,78.63,11893.0
14.67,78.64,12421.0
14.68,72.8,58990.0
14.68,78.46,6996.0
14.68,78.47,14159.0
14.68,78.48,13030.0
14.68,78.49,26540.0
14.68,78.5,9098.0
14.68,78.51,10101.0
14.68,78.52,8689.0
14.68,78.53,15045.0
14.68,78.54,19821.0
14.68,78.55,8377.0
14.68,78.56,8430.0
14.68,78.57,13552.0
14.68,78.58,10632.0
14.68,78.59,10497.0
14.68,78.6,13559.0
14.68,78.61,5414.0
14.68,78.62,20522.0
14.68,78.63,13986.0
14.68,78.64,9526.0
14.68,87.02,58830.0
14.69,70.64,59033.0
14.69,78.46,2827.0
14.69,78.47,9679.0
14.69,78.48,13914.0
14.69,78.49,12447.0
14.69,78.5,931.0
14.69,78.51,11625.0
14.69,78.52,16090.0
14.69,78.53,4370.0
14.69,78.54,10165.0
14.69,78.55,12504.0
14.69,78.56,9495.0
14.69,78.57,15060.0
14.69,78.58,8203.0
14.69,78.59,18443.0
14.69,78.6,10447.0
14.69,78.61,26775.0
14.69,78.62,9055.0
14.69,78.63,5597.0
14.69,78.64,4247.0
14.69,82.43,59747.0
14.69,83.6,59656.0
14.7,78.46,5454.0
14.7,78.47,12337.0
14.7,78.48,9693.0
14.7,78.49,15290.0
14.7,78.5,9842.0
14.7,78.51,13331.0
14.7,78.52,9874.0
14.7,78.53,8536.0
14.7,78.54,16849.0
14.7,78.55,12616.0
14.7,78.56,19952.0
14.7,78.57,19026.0
14.7,78.58,12747.0
14.7,78.59,8880.0
14.7,78.6,22097.0
14.7,78.61,12852.0
14.7,78.62,9257.0
14.7,78.63,6808.0
14.7,78.64,15026.0
14.71,78.46,2136.0
14.71,78.47,8726.0
14.71,78.48,8064.0
14.71,78.49,8964.0
14.71,78.5,11723.0
14.71,78.51,17149.0
14.71,78.52,12788.0
14.71,78.53,14105.0
14.71,78.54,23976.0
14.71,78.55,6685.0
14.71,78.56,16046.0
14.71,78.57,12973.0
14.71,78.58,14595.0
14.71,78.59,13976.0
14.71,78.6,11025.0
14.71,78.61,14254.0
14.71,78.62,15713.0
14.71,78.63,12072.0
14.71,78.64,4657.0
14.71,86.55,59796.0
14.72,78.46,656.0
14.72,78.47,21501.0
14.72,78.48,12383.0
14.72,78.49,6942.0
14.72,78.5,12034.0
14.72,78.51,11130.0
14.72,78.52,7897.0
14.72,78.53,13458.0
14.72,78.54,17152.0
14.72,78.55,21954.0
14.72,78.56,7020.0
14.72,78.57,12966.0
14.72,78.58,11868.0
14.72,78.59,13184.0
14.72,78.6,6175.0
14.72,78.61,14170.0
14.72,78.62,18110.0
14.72,78.63,15186.0
14.72,78.64,13317.0
14.73,73.7,59515.0
14.73,78.47,18869.0
14.73,78.48,11148.0
14.73,78.49,9979.0
14.73,78.5,10707.0
14.73,78.51,13616.0
14.73,78.52,14486.0
14.73,78.53,11578.0
14.73,78.54,5723.0
14.73,78.55,10527.0
14.73,78.56,11754.0
14.73,78.57,10942.0
14.73,78.58,11375.0
14.73,78.59,21385.0
14.73,78.6,4854.0
14.73,78.61,6174.0
14.73,78.62,21502.0
14.73,78.63,9835.0
14.73,78.64,10572.0
14.74,78.46,3651.0
14.74,78.47,19627.0
14.74,78.48,8449.0
14.74,78.49,12963.0
14.74,78.5,6454.0
14.74,78.51,18052.0
14.74,78.52,6577.0
14.74,78.53,10203.0
14.74,78.54,17005.0
14.74,78.55,15621.0
14.74,78.56,12998.0
14.74,78.57,9259.0
14.74,78.58,20407.0
14.74,78.59,14598.0
14.74,78.6,3674.0
14.74,78.61,9359.0
14.74,78.62,5664.0
14.74,78.63,13640.0
14.74,78.64,9797.0
14.74,81.33,59297.0
14.75,78.16,59614.0
14.75,78.46,1410.0
14.75,78.47,20440.0
14.75,78.48,6514.0
14.75,78.49,10571.0
14.75,78.5,8410.0
14.75,78.51,11697.0
14.75,78.52,13126.0
14.75,78.53,11910.0
14.75,78.54,7668.0
14.75,78.55,5994.0
14.75,78.56,13959.0
14.75,78.57,11789.0
14.75,78.58,15643.0
14.75,78.59,13942.0
14.75,78.6,10173.0
14.75,78.61,5316.0
14.75,78.62,14288.0
14.75,78.63,5060.0
14.75,78.64,9821.0
14.76,78.46,2449.0
14.76,78.47,20659.0
14.76,78.48,9656.0
14.76,78.49,11650.0
14.76,78.5,14270.0
14.76,78.51,17478.0
14.76,78.52,13763.0
14.76,78.53,9697.0
14.76,78.54,17420.0
14.76,78.55,10883.0
14.76,78.56,8497.0
14.76,78.57,13474.0
14.76,78.58,16143.0
14.76,78.59,16851.0
14.76,78.6,8615.0
14.76,78.61,4174.0
14.76,78.62,18990.0
14.76,78.63,8495.0
14.76,78.64,13302.0
14.77,78.46,3265.0
14.77,78.47,9991.0
14.77,78.48,10498.0
14.77,78.49,16917.0
14.77,78.5,13167.0
14.77,78.51,16874.0
14.77,78.52,8014.0
14.77,78.53,14140.0
14.77,78.54,3960.0
14.77,78.55,16462.0
14.77,78.56,14234.0
14.77,78.57,10896.0
14.77,78.58,13325.0
14.77,78.59,12381.0
14.77,78.6,11706.0
14.77,78.61,24529.0
14.77,78.62,14104.0
14.77,78.63,10831.0
14.77,78.64,7370.0
14.78,78.46,2993.0
14.78,78.47,16525.0
14.78,78.48,9068.0
14.78,78.49,21047.0
14.78,78.5,10298.0
14.78,78.51,8306.0
14.78,78.52,8761.0
14.78,78.53,17470.0
14.78,78.54,24869.0
14.78,78.55,16796.0
14.78,78.56,12163.0
14.78,78.57,2762.0
14.78,78.58,8845.0
14.78,78.59,11629.0
14.78,78.6,14206.0
14.78,78.61,8775.0
14.78,78.62,18747.0
14.78,78.63,17610.0
14.78,78.64,3919.0
14.78,85.85,59208.0
14.79,78.46,1983.0
14.79,78.47,9877.0
14.79,78.48,6201.0
14.79,78.49,19321.0
14.79,78.5,10687.0
14.79,78.51,9569.0
14.79,78.52,5020.0
14.79,78.53,19812.0
14.79,78.54,13481.0
14.79,78.55,5079.0
14.79,78.56,10062.0
14.79,78.57,14165.0
14.79,78.58,12315.0
14.79,78.59,15640.0
14.79,78.6,14269.0
14.79,78.61,11842.0
14.79,78.62,14059.0
14.79,78.63,6573.0
14.79,78.64,10975.0
14.79,85.76,59544.0
14.8,78.46,2557.0
14.8,78.47,14704.0
14.8,78.48,14905.0
14.8,78.49,3039.0
14.8,78.5,22451.0
14.8,78.51,16799.0
14.8,78.52,8207.0
14.8,78.53,21509.0
14.8,78.54,12266.0
14.8,78.55,16461.0
14.8,78.56,15670.0
14.8,78.57,10990.0
14.8,78.58,9261.0
14.8,78.59,19733.0
14.8,78.6,10930.0
14.8,78.61,17871.0
14.8,78.62,14850.0
14.8,78.63,13353.0
14.8,78.64,7601.0
14.81,74.12,59527.0
14.81,78.51,146.0
14.81,78.56,2252.0
14.81,78.64,1582.0
14.81,79.95,58983.0
14.82,85.82,59537.0
14.83,77.57,59493.0
14.85,82.79,59256.0
14.91,87.57,59121.0
14.92,81.24,59865.0
14.95,74.75,58912.0
14.95,78.07,58896.0
14.95,79.91,59200.0
14.95,87.87,59098.0
14.96,78.19,59369.0
14.98,77.78,59347.0
15.01,79.1,59663.0
15.02,87.95,58930.0
15.03,72.58,59172.0
15.05,82.44,59170.0
15.06,80.36,59908.0
15.07,75.22,59239.0
15.13,78.89,58882.0
15.13,83.15,59921.0
15.13,87.26,58964.0
15.15,79.11,59445.0
15.16,78.14,58955.0
15.17,73.98,13242.0
15.17,74.03,13494.0
15.17,74.05,14192.0
15.17,74.07,42056.0
15.17,74.08,42209.0
15.17,74.11,29253.0
15.17,74.12,15527.0
15.17,74.13,29460.0
15.17,87.94,59548.0
15.18,73.95,71485.0
15.18,73.96,69722.0
15.18,73.97,155753.0
15.18,73.98,43052.0
15.18,73.99,143777.0
15.18,74.0,73533.0
15.18,74.01,127811.0
15.18,74.02,117206.0
15.18,74.03,114357.0
15.18,74.04,114551.0
15.18,74.05,42615.0
15.18,74.06,171730.0
15.18,74.07,98488.0
15.18,74.08,187168.0
15.18,74.09,57859.0
15.18,74.1,98396.0
15.18,74.11,71020.0
15.18,74.12,131549.0
15.18,74.13,157034.0
15.18,74.14,82221.0
15.18,74.15,86794.0
15.19,73.95,70599.0
15.19,73.96,84240.0
15.19,73.97,86752.0
15.19,73.98,44154.0
15.19,73.99,131014.0
15.19,74.0,86493.0
15.19,74.01,125396.0
15.19,74.02,125662.0
15.19,74.03,126698.0
15.19,74.04,100968.0
15.19,74.05,84776.0
15.19,74.06,74435.0
15.19,74.07,113846.0
15.19,74.08,144158.0
15.19,74.09,57039.0
15.19,74.1,15392.0
15.19,74.11,143369.0
15.19,74.12,159176.0
15.19,74.13,57427.0
15.19,74.14,162389.0
15.19,74.15,43067.0
15.2,73.95,14211.0
15.2,73.96,72347.0
15.2,73.97,100597.0
15.2,73.98,71479.0
15.2,73.99,69822.0
15.2,74.0,44488.0
15.2,74.01,98497.0
15.2,74.02,170884.0
15.2,74.03,69077.0
15.2,74.04,54685.0
15.2,74.05,125319.0
15.2,74.06,70801.0
15.2,74.07,115720.0
15.2,74.08,168980.0
15.2,74.09,55600.0
15.2,74.1,56543.0
15.2,74.11,86530.0
15.2,74.12,160794.0
15.2,74.13,114559.0
15.2,74.14,42600.0
15.2,74.15,112400.0
15.21,73.95,14069.0
15.21,73.96,44484.0
15.21,73.97,113604.0
15.21,73.98,85655.0
15.21,73.99,70421.0
15.21,74.0,98867.0
15.21,74.01,55453.0
15.21,74.02,116953.0
15.21,74.03,141915.0
15.21,74.04,85216.0
15.21,74.05,101997.0
15.21,74.06,58094.0
15.21,74.07,141613.0
15.21,74.08,83453.0
15.21,74.09,85908.0
15.21,74.1,59427.0
15.21,74.11,41061.0
15.21,74.12,88367.0
15.21,74.13,85828.0
15.21,74.14,128150.0
15.21,74.15,15155.0
15.22,73.95,86964.0
15.22,73.96,87944.0
15.22,73.97,72773.0
15.22,73.98,101604.0
15.22,73.99,44149.0
15.22,74.0,42989.0
15.22,74.01,117443.0
15.22,74.02,100263.0
15.22,74.03,43862.0
15.22,74.04,73582.0
15.22,74.05,156052.0
15.22,74.06,153027.0
15.22,74.07,72643.0
15.22,74.08,147886.0
15.22,74.09,99504.0
15.22,74.1,70388.0
15.22,74.11,155008.0
15.22,74.12,43862.0
15.22,74.13,29696.0
15.22,74.14,98445.0
15.22,74.15,114646.0
15.22,87.37,59809.0
15.23,73.47,59597.0
15.23,73.95,15003.0
15.23,73.96,114641.0
15.23,73.97,113103.0
15.23,73.98,98494.0
15.23,73.99,84424.0
15.23,74.0,15569.0
15.23,74.01,131760.0
15.23,74.02,98372.0
15.23,74.03,103413.0
15.23,74.04,99987.0
15.23,74.05,187199.0
15.23,74.06,116756.0
15.23,74.07,86344.0
15.23,74.08,56059.0
15.23,74.09,56948.0
15.23,74.1,84482.0
15.23,74.11,82893.0
15.23,74.12,39447.0
15.23,74.13,74033.0
15.23,74.14,57928.0
15.23,74.15,128058.0
15.23,82.07,58857.0
15.24,69.22,59576.0
15.24,73.95,85221.0
15.24,73.96,83757.0
15.24,73.97,154873.0
15.24,73.98,72807.0
15.24,73.99,56458.0
15.24,74.0,56975.0
15.24,74.01,103770.0
15.24,74.02,114535.0
15.24,74.03,28866.0
15.24,74.04,153129.0
15.24,74.05,73722.0
15.24,74.06,112555.0
15.24,74.07,71182.0
15.24,74.08,159840.0
15.24,74.09,102890.0
15.24,74.1,57267.0
15.24,74.11,84742.0
15.24,74.12,13084.0
15.24,74.13,112766.0
15.24,74.14,88179.0
15.24,74.15,41962.0
15.25,73.95,43553.0
15.25,73.96,99749.0
15.25,73.97,84195.0
15.25,73.98,42833.0
15.25,73.99,86243.0
15.25,74.0,44521.0
15.25,74.01,42284.0
15.25,74.02,73399.0
15.25,74.03,60340.0
15.25,74.04,156327.0
15.25,74.05,71694.0
15.25,74.06,70610.0
15.25,74.07,30439.0
15.25,74.08,100296.0
15.25,74.09,111161.0
15.25,74.1,144276.0
15.25,74.11,96515.0
15.25,74.12,142221.0
15.25,74.13,42845.0
15.25,74.14,67679.0
15.25,74.15,27652.0
15.25,80.05,59898.0
15.26,73.95,69609.0
15.26,73.96,98338.0
15.26,73.97,96392.0
15.26,73.98,114954.0
15.26,73.99,69925.0
15.26,74.0,109522.0
15.26,74.01,89174.0
15.26,74.02,156655.0
15.26,74.03,88981.0
15.26,74.04,69111.0
15.26,74.05,87057.0
15.26,74.06,70385.0
15.26,74.07,29293.0
15.26,74.08,145335.0
15.26,74.09,101980.0
15.26,74.1,169730.0
15.26,74.11,70989.0
15.26,74.12,101802.0
15.26,74.13,14272.0
15.26,74.14,116961.0
15.26,74.15,99894.0
15.27,73.06,58963.0
15.27,73.95,59501.0
15.27,73.96,116442.0
15.27,73.97,185171.0
15.27,73.98,56982.0
15.27,73.99,57186.0
15.27,74.0,112195.0
15.27,74.01,100649.0
15.27,74.02,56620.0
15.27,74.03,71946.0
15.27,74.04,115693.0
15.27,74.05,59480.0
15.27,74.06,131076.0
15.27,74.07,42302.0
15.27,74.08,56695.0
15.27,74.09,74257.0
15.27,74.1,69991.0
15.27,74.11,53988.0
15.27,74.12,84933.0
15.27,74.13,98197.0
15.27,74.14,144581.0
15.27,74.15,68776.0
15.28,73.95,127983.0
15.28,73.96,72545.0
15.28,73.97,85827.0
15.28,73.98,55875.0
15.28,73.99,86157.0
15.28,74.0,125173.0
15.28,74.01,87881.0
15.28,74.02,55664.0
15.28,74.03,127153.0
15.28,74.04,141944.0
15.28,74.05,85926.0
15.28,74.06,101176.0
15.28,74.07,145487.0
15.28,74.08,43670.0
15.28,74.09,58313.0
15.28,74.1,126293.0
15.28,74.11,113829.0
15.28,74.12,83609.0
15.28,74.13,95960.0
15.28,74.14,72152.0
15.28,74.15,14958.0
15.29,73.95,72486.0
15.29,73.96,28434.0
15.29,73.97,87879.0
15.29,73.98,97823.0
15.29,73.99,130113.0
15.29,74.0,144005.0
15.29,74.01,114344.0
15.29,74.02,56588.0
15.29,74.03,102374.0
15.29,74.04,80346.0
15.29,74.05,85448.0
15.29,74.06,87903.0
15.29,74.07,66794.0
15.29,74.08,55625.0
15.29,74.09,86196.0
15.29,74.1,27743.0
15.29,74.11,90198.0
15.29,74.12,158963.0
15.29,74.13,73686.0
15.29,74.14,101902.0
15.29,74.15,71096.0
15.29,81.84,59348.0
15.3,72.19,59985.0
15.3,73.95,57840.0
15.3,73.96,143545.0
15.3,73.97,86095.0
15.3,73.98,98077.0
15.3,73.99,99707.0
15.3,74.0,125825.0
15.3,74.01,70944.0
15.3,74.02,87279.0
15.3,74.03,170289.0
15.3,74.04,114878.0
15.3,74.05,184226.0
15.3,74.06,143779.0
15.3,74.07,71724.0
15.3,74.08,13477.0
15.3,74.09,99381.0
15.3,74.1,56338.0
15.3,74.11,101802.0
15.3,74.12,85421.0
15.3,74.13,43607.0
15.3,74.14,43585.0
15.3,74.15,101158.0
15.3,75.22,59781.0
15.31,73.95,72937.0
15.31,73.96,143062.0
15.31,73.97,88036.0
15.31,73.98,143231.0
15.31,73.99,116720.0
15.31,74.0,124963.0
15.31,74.01,114512.0
15.31,74.02,68495.0
15.31,74.03,86754.0
15.31,74.04,86311.0
15.31,74.05,83756.0
15.31,74.06,83568.0
15.31,74.07,72871.0
15.31,74.08,126157.0
15.31,74.09,124671.0
15.31,74.1,115842.0
15.31,74.11,84673.0
15.31,74.12,56921.0
15.31,74.13,155392.0
15.31,74.14,71229.0
15.31,74.15,40845.0
15.31,88.32,59396.0
15.32,73.95,26047.0
15.32,73.96,130898.0
15.32,73.97,97555.0
15.32,73.98,56579.0
15.32,73.99,86961.0
15.32,74.0,133342.0
15.32,74.01,140744.0
15.32,74.02,112912.0
15.32,74.03,42648.0
15.32,74.04,84499.0
15.32,74.05,56236.0
15.32,74.06,129597.0
15.32,74.07,140639.0
15.32,74.08,133149.0
15.32,74.09,72014.0
15.32,74.1,125978.0
15.32,74.11,41545.0
15.32,74.12,114864.0
15.32,74.13,113455.0
15.32,74.14,153861.0
15.32,74.15,56559.0
15.33,73.95,59737.0
15.33,73.96,99711.0
15.33,73.97,161740.0
15.33,73.98,84299.0
15.33,73.99,101243.0
15.33,74.0,56880.0
15.33,74.01,143637.0
15.33,74.02,73150.0
15.33,74.03,113113.0
15.33,74.04,57699.0
15.33,74.05,87658.0
15.33,74.06,143346.0
15.33,74.07,57468.0
15.33,74.08,86160.0
15.33,74.09,73594.0
15.33,74.1,55538.0
15.33,74.11,113611.0
15.33,74.12,73281.0
15.33,74.13,71126.0
15.33,74.14,115499.0
15.33,74.15,58010.0
15.34,73.95,69105.0
15.34,73.96,130727.0
15.34,73.97,69015.0
15.34,73.98,85973.0
15.34,73.99,143470.0
15.34,74.0,96538.0
15.34,74.01,115931.0
15.34,74.02,13247.0
15.34,74.03,127167.0
15.34,74.04,115195.0
15.34,74.05,72018.0
15.34,74.06,101213.0
15.34,74.07,146810.0
15.34,74.08,115744.0
15.34,74.09,69538.0
15.34,74.1,58659.0
15.34,74.11,113488.0
15.34,74.12,133812.0
15.34,74.13,84363.0
15.34,74.14,102514.0
15.34,74.15,30127.0
15.35,73.95,98961.0
15.35,73.96,74951.0
15.35,73.97,99189.0
15.35,73.98,41536.0
15.35,73.99,117167.0
15.35,74.0,144084.0
15.35,74.01,100136.0
15.35,74.02,144210.0
15.35,74.03,144758.0
15.35,74.04,112178.0
15.35,74.05,55620.0
15.35,74.06,42395.0
15.35,74.07,59636.0
15.35,74.08,69791.0
15.35,74.09,114389.0
15.35,74.1,71904.0
15.35,74.11,101823.0
15.35,74.12,57509.0
15.35,74.13,144805.0
15.35,74.14,142216.0
15.35,74.15,86771.0
15.36,71.33,59458.0
15.36,73.95,87434.0
15.36,73.96,43983.0
15.36,73.97,41694.0
15.36,73.98,100019.0
15.36,73.99,114819.0
15.36,74.0,56343.0
15.36,74.01,72275.0
15.36,74.02,99912.0
15.36,74.03,114468.0
15.36,74.04,83580.0
15.36,74.05,87303.0
15.36,74.06,44292.0
15.36,74.07,59216.0
15.36,74.08,119274.0
15.36,74.09,142824.0
15.36,74.1,72770.0
15.36,74.11,111201.0
15.36,74.12,114300.0
15.36,74.13,98406.0
15.36,74.14,141643.0
15.36,74.15,112971.0
15.37,73.96,14814.0
15.37,73.97,28768.0
15.37,73.99,13653.0
15.37,74.0,14377.0
15.37,74.01,15152.0
15.37,74.03,13662.0
15.37,74.04,15276.0
15.37,74.05,13430.0
15.37,74.06,29447.0
15.37,74.07,44768.0
15.37,74.08,42476.0
15.37,74.09,13487.0
15.37,74.1,27401.0
15.37,74.11,28922.0
15.37,74.12,29334.0
15.37,74.13,41765.0
15.37,74.14,44349.0
15.37,74.15,14282.0
15.39,75.34,59233.0
15.39,76.65,59964.0
15.4,75.02,59616.0
15.41,76.46,58887.0
15.41,83.04,59257.0
15.44,78.27,59187.0
15.45,88.07,59092.0
15.47,70.51,58907.0
15.49,73.72,59947.0
15.49,79.58,59354.0
15.5,75.7,59332.0
15.54,78.48,58895.0
15.56,71.45,59418.0
15.57,79.96,58900.0
15.57,83.61,59367.0
15.64,73.62,59958.0
15.67,84.88,58854.0
15.69,79.64,59343.0
15.7,69.71,59060.0
15.7,78.43,59562.0
15.71,81.58,59452.0
15.73,72.09,59485.0
15.73,76.01,59052.0
15.73,86.89,59637.0
15.74,73.31,59370.0
15.74,75.68,59405.0
15.76,73.29,59475.0
15.77,80.77,59164.0
15.81,83.87,58856.0
15.83,84.28,59185.0
15.84,80.41,59481.0
15.85,78.45,59099.0
15.85,83.82,59967.0
15.86,78.79,59991.0
15.87,85.66,58884.0
15.9,85.53,59771.0
15.95,75.76,59225.0
15.95,76.92,59044.0
15.95,82.19,59802.0
16.01,76.8,59887.0
16.03,82.44,59374.0
16.09,74.55,58913.0
16.09,86.83,58960.0
16.1,71.2,59215.0
16.15,71.92,59093.0
16.17,83.44,59575.0
16.18,72.09,59437.0
16.22,72.13,59474.0
16.23,74.18,59031.0
16.23,83.06,59945.0
16.24,76.19,59588.0
16.26,74.35,59430.0
16.28,73.16,59023.0
16.32,84.68,59484.0
16.33,73.1,59425.0
16.34,77.31,59244.0
16.35,86.17,59408.0
16.37,75.09,59491.0
16.37,76.76,59603.0
16.4,73.82,59718.0
16.46,75.95,59258.0
16.49,77.72,59000.0
16.54,71.18,59873.0
16.55,86.51,59002.0
16.56,79.18,59951.0
16.56,81.65,59730.0
16.56,87.34,59653.0
16.59,77.26,59742.0
16.63,85.77,59035.0
16.65,78.23,59759.0
16.65,87.8,59701.0
16.66,71.15,59960.0
16.68,71.9,58906.0
16.69,79.46,59312.0
16.69,82.38,59864.0
16.7,72.79,59461.0
16.72,70.53,59613.0
16.72,80.16,58894.0
16.73,74.32,58847.0
16.74,80.16,59895.0
16.78,79.52,59133.0
16.79,83.71,59536.0
16.79,88.18,58866.0
16.8,77.61,59870.0
16.81,88.34,59192.0
16.83,88.39,59758.0
16.87,85.31,59949.0
16.87,87.98,59989.0
16.88,87.37,59075.0
16.89,71.55,59630.0
16.9,75.88,59050.0
16.9,81.32,59513.0
16.92,77.75,59538.0
16.93,73.37,58993.0
16.94,75.29,59954.0
16.94,85.68,59891.0
16.94,85.96,59595.0
16.95,79.52,59470.0
16.95,80.03,59655.0
16.96,74.95,59337.0
16.97,71.04,58848.0
17.03,83.56,58822.0
17.05,85.51,59919.0
17.08,69.8,58833.0
17.09,73.81,59942.0
17.11,78.79,59931.0
17.13,74.22,59130.0
17.15,72.18,59501.0
17.15,85.46,59845.0
17.16,77.37,59885.0
17.17,77.48,59221.0
17.19,84.87,59008.0
17.2,80.35,59792.0
17.21,80.43,58973.0
17.21,87.61,59937.0
17.22,76.68,59061.0
17.22,81.99,59454.0
17.23,78.34,58865.0
17.23,81.41,59271.0
17.27,84.17,59066.0
17.28,74.49,59451.0
17.29,77.35,58959.0
17.29,77.79,59517.0
17.29,86.73,59047.0
17.31,70.39,59889.0
17.32,85.61,59757.0
17.32,86.44,58937.0
17.35,77.54,59724.0
17.35,80.25,59149.0
17.37,81.63,59077.0
17.39,87.98,59740.0
17.44,74.32,59041.0
17.48,75.13,59360.0
17.48,80.28,58904.0
17.51,70.3,59356.0
17.51,74.54,59231.0
17.51,82.49,59874.0
17.52,85.1,59801.0
17.58,71.34,59867.0
17.61,78.66,58867.0
17.62,86.57,59439.0
17.63,76.05,59195.0
17.63,82.13,59338.0
17.65,83.96,59340.0
17.65,86.56,58817.0
17.67,88.48,58971.0
17.69,70.51,59558.0
17.69,72.41,58978.0
17.7,70.24,59273.0
17.7,76.4,59752.0
17.7,87.34,59368.0
17.71,74.91,59216.0
17.73,77.59,59623.0
17.74,76.76,59552.0
17.74,83.43,59147.0
17.74,85.05,58815.0
17.74,87.74,59566.0
17.76,79.67,59689.0
17.76,80.93,59398.0
17.77,69.91,59654.0
17.78,74.45,59315.0
17.79,70.14,59644.0
17.79,87.31,58962.0
17.8,82.66,59827.0
17.85,73.95,59642.0
17.86,78.35,59776.0
17.87,81.99,59646.0
17.87,82.74,59745.0
17.88,73.68,59377.0
17.89,72.67,59545.0
17.89,85.45,59748.0
17.93,70.54,59100.0
17.95,81.13,59155.0
17.97,79.14,59612.0
17.97,81.24,59339.0
17.98,71.91,59335.0
17.99,72.93,59507.0
18.01,72.59,59026.0
18.01,81.62,59245.0
18.02,69.89,59351.0
18.03,74.61,59574.0
18.04,71.43,59253.0
18.05,75.82,59803.0
18.08,72.24,59587.0
18.11,84.69,59862.0
18.15,75.41,58981.0
18.18,70.32,59707.0
18.2,85.67,59645.0
18.22,86.83,59590.0
18.23,72.17,59658.0
18.23,83.22,59769.0
18.24,74.24,59392.0
18.24,86.18,58956.0
18.25,77.35,59114.0
18.25,83.07,58917.0
18.26,73.24,59264.0
18.26,85.53,58976.0
18.28,70.3,59448.0
18.29,75.4,59735.0
18.3,84.69,59416.0
18.31,70.81,59471.0
18.33,77.22,58886.0
18.34,77.86,58806.0
18.37,70.06,59440.0
18.37,87.45,59468.0
18.38,69.77,59799.0
18.41,74.97,58940.0
18.42,73.69,59186.0
18.42,75.62,59207.0
18.44,73.25,58991.0
18.44,79.41,59683.0
18.48,73.05,58927.0
18.48,77.4,59904.0
18.49,73.73,103435.0
18.49,73.74,1352587.0
18.49,73.75,1463589.0
18.49,73.76,847209.0
18.49,73.77,480543.0
18.49,73.78,1270030.0
18.49,73.79,835269.0
18.49,73.8,1153403.0
18.49,73.81,1037200.0
18.49,73.82,539438.0
18.49,73.83,838107.0
18.49,73.84,1166602.0
18.49,73.85,797703.0
18.49,73.86,689616.0
18.49,73.87,1028039.0
18.49,73.88,865473.0
18.49,73.89,1073868.0
18.49,73.9,1259851.0
18.49,73.91,1238414.0
18.49,73.92,1080475.0
18.49,73.93,1120641.0
18.49,73.94,1190059.0
18.49,73.95,854085.0
18.49,73.96,1310052.0
18.49,80.73,58852.0
18.5,73.73,363080.0
18.5,73.74,1168941.0
18.5,73.75,1401608.0
18.5,73.76,1166578.0
18.5,73.77,1515661.0
18.5,73.78,1144212.0
18.5,73.79,1071352.0
18.5,73.8,1488703.0
18.5,73.81,1154493.0
18.5,73.82,1338747.0
18.5,73.83,1107984.0
18.5,73.84,1353914.0
18.5,73.85,1113345.0
18.5,73.86,1666150.0
18.5,73.87,843369.0
18.5,73.88,1006381.0
18.5,73.89,1477299.0
18.5,73.9,1157431.0
18.5,73.91,1682313.0
18.5,73.92,1022211.0
18.5,73.93,1667254.0
18.5,73.94,1354599.0
18.5,73.95,435210.0
18.5,73.96,929484.0
18.51,73.73,332302.0
18.51,73.74,1540848.0
18.51,73.75,1315384.0
18.51,73.76,739492.0
18.51,73.77,1227131.0
18.51,73.78,1178057.0
18.51,73.79,833627.0
18.51,73.8,1240738.0
18.51,73.81,754857.0
18.51,73.82,1365106.0
18.51,73.83,1568249.0
18.51,73.84,891060.0
18.51,73.85,1674876.0
18.51,73.86,1409826.0
18.51,73.87,888122.0
18.51,73.88,1364000.0
18.51,73.89,1549664.0
18.51,73.9,1568473.0
18.51,73.91,1670949.0
18.51,73.92,1438220.0
18.51,73.93,1252736.0
18.51,73.94,1375740.0
18.51,73.95,1902759.0
18.51,73.96,987266.0
18.52,72.87,58984.0
18.52,73.73,290209.0
18.52,73.74,1110922.0
18.52,73.75,1511292.0
18.52,73.76,976792.0
18.52,73.77,1586789.0
18.52,73.78,1552051.0
18.52,73.79,1090570.0
18.52,73.8,1022094.0
18.52,73.81,1468155.0
18.52,73.82,1327535.0
18.52,73.83,1624581.0
18.52,73.84,1182270.0
18.52,73.85,1866178.0
18.52,73.86,1827923.0
18.52,73.87,1238348.0
18.52,73.88,1829913.0
18.52,73.89,1124864.0
18.52,73.9,1028945.0
18.52,73.91,1687312.0
18.52,73.92,1018885.0
18.52,73.93,1530857.0
18.52,73.94,1483722.0
18.52,73.95,915143.0
18.52,73.96,967537.0
18.52,75.53,58918.0
18.53,73.73,392762.0
18.53,73.74,1519838.0
18.53,73.75,1944973.0
18.53,73.76,1304172.0
18.53,73.77,1745908.0
18.53,73.78,1044449.0
18.53,73.79,1497203.0
18.53,73.8,1471995.0
18.53,73.81,1363590.0
18.53,73.82,1297409.0
18.53,73.83,1521539.0
18.53,73.84,1604266.0
18.53,73.85,1541911.0
18.53,73.86,1419371.0
18.53,73.87,1271634.0
18.53,73.88,1369919.0
18.53,73.89,1519357.0
18.53,73.9,1523625.0
18.53,73.91,955747.0
18.53,73.92,1178245.0
18.53,73.93,1546616.0
18.53,73.94,1348768.0
18.53,73.95,1432903.0
18.53,73.96,1158777.0
18.54,71.88,59262.0
18.54,73.73,430701.0
18.54,73.74,1409935.0
18.54,73.75,1450087.0
18.54,73.76,1493551.0
18.54,73.77,1602557.0
18.54,73.78,1314599.0
18.54,73.79,1371766.0
18.54,73.8,1316045.0
18.54,73.81,1085622.0
18.54,73.82,1672557.0
18.54,73.83,1128122.0
18.54,73.84,1460857.0
18.54,73.85,1530292.0
18.54,73.86,776560.0
18.54,73.87,1615935.0
18.54,73.88,1173021.0
18.54,73.89,1164711.0
18.54,73.9,1210748.0
18.54,73.91,1516818.0
18.54,73.92,1290089.0
18.54,73.93,1267711.0
18.54,73.94,917799.0
18.54,73.95,1366124.0
18.54,73.96,855700.0
18.54,87.85,59621.0
18.55,73.73,343630.0
18.55,73.74,1776892.0
18.55,73.75,1590185.0
18.55,73.76,1494842.0
18.55,73.77,1477908.0
18.55,73.78,1374408.0
18.55,73.79,1652931.0
18.55,73.8,1348001.0
18.55,73.81,1213165.0
18.55,73.82,881062.0
18.55,73.83,1146669.0
18.55,73.84,1449062.0
18.55,73.85,1283605.0
18.55,73.86,1119048.0
18.55,73.87,1533257.0
18.55,73.88,1569984.0
18.55,73.89,1583968.0
18.55,73.9,918334.0
18.55,73.91,1538910.0
18.55,73.92,1178187.0
18.55,73.93,1706372.0
18.55,73.94,1422588.0
18.55,73.95,1782930.0
18.55,73.96,585873.0
18.56,72.84,59443.0
18.56,73.73,295824.0
18.56,73.74,1234519.0
18.56,73.75,1180538.0
18.56,73.76,1380779.0
18.56,73.77,1189894.0
18.56,73.78,1674027.0
18.56,73.79,1573968.0
18.56,73.8,1277282.0
18.56,73.81,1286388.0
18.56,73.82,1014604.0
18.56,73.83,927519.0
18.56,73.84,1196503.0
18.56,73.85,1320740.0
18.56,73.86,1111623.0
18.56,73.87,1429594.0
18.56,73.88,1765547.0
18.56,73.89,1480298.0
18.56,73.9,1261831.0
18.56,73.91,977834.0
18.56,73.92,1534123.0
18.56,73.93,1188308.0
18.56,73.94,1355095.0
18.56,73.95,1005910.0
18.56,73.96,975306.0
18.57,73.73,192327.0
18.57,73.74,1491155.0
18.57,73.75,1388733.0
18.57,73.76,1003693.0
18.57,73.77,1543735.0
18.57,73.78,1443745.0
18.57,73.79,1506957.0
18.57,73.8,1082771.0
18.57,73.81,1601220.0
18.57,73.82,1446246.0
18.57,73.83,1415748.0
18.57,73.84,728577.0
18.57,73.85,1307482.0
18.57,73.86,1436247.0
18.57,73.87,1242945.0
18.57,73.88,1227597.0
18.57,73.89,1150517.0
18.57,73.9,1220500.0
18.57,73.91,1101176.0
18.57,73.92,1215962.0
18.57,73.93,1441406.0
18.57,73.94,1764800.0
18.57,73.95,1059562.0
18.57,73.96,1122542.0
18.58,73.73,290871.0
18.58,73.74,1115292.0
18.58,73.75,1292888.0
18.58,73.76,1651639.0
18.58,73.77,1639104.0
18.58,73.78,1303592.0
18.58,73.79,1273874.0
18.58,73.8,1370192.0
18.58,73.81,1252669.0
18.58,73.82,1353749.0
18.58,73.83,1319934.0
18.58,73.84,1454611.0
18.58,73.85,1444027.0
18.58,73.86,1524247.0
18.58,73.87,1457070.0
18.58,73.88,1030199.0
18.58,73.89,1463590.0
18.58,73.9,2067807.0
18.58,73.91,1474015.0
18.58,73.92,1242691.0
18.58,73.93,1424125.0
18.58,73.94,1459135.0
18.58,73.95,1228562.0
18.58,73.96,1023618.0
18.58,78.12,59704.0
18.59,73.73,240213.0
18.59,73.74,1464609.0
18.59,73.75,1539326.0
18.59,73.76,1026114.0
18.59,73.77,1630411.0
18.59,73.78,1265791.0
18.59,73.79,1132477.0
18.59,73.8,1403520.0
18.59,73.81,1280615.0
18.59,73.82,1409760.0
18.59,73.83,900429.0
18.59,73.84,1557161.0
18.59,73.85,1489458.0
18.59,73.86,1156184.0
18.59,73.87,1398989.0
18.59,73.88,1016260.0
18.59,73.89,1081711.0
18.59,73.9,1175374.0
18.59,73.91,1432899.0
18.59,73.92,1316099.0
18.59,73.93,1123166.0
18.59,73.94,925397.0
18.59,73.95,1468151.0
18.59,73.96,1065955.0
18.6,73.73,300451.0
18.6,73.74,1120106.0
18.6,73.75,1418247.0
18.6,73.76,1018526.0
18.6,73.77,1372857.0
18.6,73.78,590052.0
18.6,73.79,1029560.0
18.6,73.8,1097752.0
18.6,73.81,1133716.0
18.6,73.82,1914432.0
18.6,73.83,1173540.0
18.6,73.84,1571866.0
18.6,73.85,1265235.0
18.6,73.86,1418335.0
18.6,73.87,1836289.0
18.6,73.88,1447236.0
18.6,73.89,1804178.0
18.6,73.9,1163414.0
18.6,73.91,989443.0
18.6,73.92,1559101.0
18.6,73.93,1215833.0
18.6,73.94,821917.0
18.6,73.95,1716939.0
18.6,73.96,957627.0
18.61,73.73,247945.0
18.61,73.74,922698.0
18.61,73.75,1345763.0
18.61,73.76,844954.0
18.61,73.77,1571077.0
18.61,73.78,1211311.0
18.61,73.79,862576.0
18.61,73.8,1446379.0
18.61,73.81,1231514.0
18.61,73.82,1160652.0
18.61,73.83,1270567.0
18.61,73.84,1082026.0
18.61,73.85,1748798.0
18.61,73.86,1389286.0
18.61,73.87,1289938.0
18.61,73.88,1416015.0
18.61,73.89,1458942.0
18.61,73.9,1420841.0
18.61,73.91,1374926.0
18.61,73.92,1655527.0
18.61,73.93,1216573.0
18.61,73.94,1209223.0
18.61,73.95,1030360.0
18.61,73.96,1194208.0
18.62,73.73,328119.0
18.62,73.74,1632143.0
18.62,73.75,1279108.0
18.62,73.76,1064708.0
18.62,73.77,1580002.0
18.62,73.78,1390199.0
18.62,73.79,2029089.0
18.62,73.8,1316808.0
18.62,73.81,1307627.0
18.62,73.82,1214873.0
18.62,73.83,1067764.0
18.62,73.84,1689463.0
18.62,73.85,1241999.0
18.62,73.86,1329157.0
18.62,73.87,1433338.0
18.62,73.88,1318935.0
18.62,73.89,1522254.0
18.62,73.9,1505023.0
18.62,73.91,1053354.0
18.62,73.92,1163804.0
18.62,73.93,1160800.0
18.62,73.94,1409671.0
18.62,73.95,1105656.0
18.62,73.96,1575413.0
18.63,73.73,342696.0
18.63,73.74,1021532.0
18.63,73.75,1412478.0
18.63,73.76,1093038.0
18.63,73.77,1556307.0
18.63,73.78,1534866.0
18.63,73.79,873883.0
18.63,73.8,1486867.0
18.63,73.81,1090866.0
18.63,73.82,1183169.0
18.63,73.83,1245006.0
18.63,73.84,1028554.0
18.63,73.85,1336738.0
18.63,73.86,1410979.0
18.63,73.87,1413511.0
18.63,73.88,1342080.0
18.63,73.89,1503524.0
18.63,73.9,1016391.0
18.63,73.91,1024010.0
18.63,73.92,1290763.0
18.63,73.93,1065966.0
18.63,73.94,1275145.0
18.63,73.95,1379484.0
18.63,73.96,1361358.0
18.64,73.73,245712.0
18.64,73.74,1587318.0
18.64,73.75,1155448.0
18.64,73.76,1776485.0
18.64,73.77,1381159.0
18.64,73.78,1503471.0
18.64,73.79,1270689.0
18.64,73.8,1165663.0
18.64,73.81,1321351.0
18.64,73.82,1496247.0
18.64,73.83,1124512.0
18.64,73.84,1661648.0
18.64,73.85,1353300.0
18.64,73.86,1564025.0
18.64,73.87,1184569.0
18.64,73.88,1416237.0
18.64,73.89,1265573.0
18.64,73.9,1229153.0
18.64,73.91,1163573.0
18.64,73.92,810077.0
18.64,73.93,1038558.0
18.64,73.94,1203045.0
18.64,73.95,1646273.0
18.64,73.96,885495.0
18.65,73.73,44254.0
18.65,73.74,292339.0
18.65,73.75,334346.0
18.65,73.76,151244.0
18.65,73.77,334081.0
18.65,73.78,244019.0
18.65,73.79,240682.0
18.65,73.8,306066.0
18.65,73.81,392966.0
18.65,73.82,335769.0
18.65,73.83,327581.0
18.65,73.84,382140.0
18.65,73.85,292698.0
18.65,73.86,334602.0
18.65,73.87,188556.0
18.65,73.88,200950.0
18.65,73.89,149969.0
18.65,73.9,353513.0
18.65,73.91,439366.0
18.65,73.92,379888.0
18.65,73.93,435166.0
18.65,73.94,143106.0
18.65,73.95,239948.0
18.65,73.96,96563.0
18.67,80.36,59925.0
18.68,69.86,59531.0
18.69,79.59,59087.0
18.71,70.91,59106.0
18.72,77.27,59529.0
18.75,81.75,59596.0
18.77,87.89,59657.0
18.78,81.24,59678.0
18.78,84.24,59390.0
18.8,76.83,58804.0
18.8,88.19,59038.0
18.81,72.49,59222.0
18.87,71.14,58945.0
18.88,71.42,59676.0
18.9,80.13,59205.0
18.91,79.23,58892.0
18.92,82.74,59072.0
18.95,74.58,59073.0
18.96,70.81,59906.0
18.96,71.36,59055.0
18.98,75.85,59119.0
18.99,85.0,59169.0
18.99,86.25,58916.0
19.01,80.53,58996.0
19.01,81.91,59327.0
19.03,77.11,59607.0
19.03,82.54,59175.0
19.04,75.41,59605.0
19.05,72.83,55683.0
19.05,72.84,225993.0
19.05,72.85,114676.0
19.05,72.86,58576.0
19.05,72.87,114757.0
19.05,72.88,168586.0
19.05,72.89,163000.0
19.05,72.9,172679.0
19.05,72.91,57420.0
19.05,72.92,279221.0
19.05,72.93,285700.0
19.05,72.94,58739.0
19.06,72.83,1926942.0
19.06,72.84,1684094.0
19.06,72.85,1579110.0
19.06,72.86,1335841.0
19.06,72.87,1626973.0
19.06,72.88,2026597.0
19.06,72.89,1620999.0
19.06,72.9,1468074.0
19.06,72.91,1522728.0
19.06,72.92,1232095.0
19.06,72.93,1870849.0
19.06,72.94,618277.0
19.07,72.83,1241175.0
19.07,72.84,1407324.0
19.07,72.85,1416317.0
19.07,72.86,2134300.0
19.07,72.87,1578413.0
19.07,72.88,1236409.0
19.07,72.89,1692697.0
19.07,72.9,1819878.0
19.07,72.91,1581810.0
19.07,72.92,1967699.0
19.07,72.93,1239442.0
19.07,72.94,505887.0
19.08,72.83,1288306.0
19.08,72.84,1295859.0
19.08,72.85,1690466.0
19.08,72.86,1803139.0
19.08,72.87,1860317.0
19.08,72.88,2087443.0
19.08,72.89,1520159.0
19.08,72.9,1519426.0
19.08,72.91,1465503.0
19.08,72.92,1360880.0
19.08,72.93,1531789.0
19.08,72.94,342531.0
19.09,72.83,851179.0
19.09,72.84,1337426.0
19.09,72.85,1739070.0
19.09,72.86,1839628.0
19.09,72.87,1810536.0
19.09,72.88,1525436.0
19.09,72.89,1682929.0
19.09,72.9,1677615.0
19.09,72.91,1125277.0
19.09,72.92,1578677.0
19.09,72.93,1969129.0
19.09,72.94,226162.0
19.1,72.83,1909440.0
19.1,72.84,1404648.0
19.1,72.85,1074542.0
19.1,72.86,1345629.0
19.1,72.87,1899451.0
19.1,72.88,1640040.0
19.1,72.89,1075782.0
19.1,72.9,1975708.0
19.1,72.91,2028533.0
19.1,72.92,1239832.0
19.1,72.93,1746722.0
19.1,72.94,785561.0
19.1,86.48,59067.0
19.11,72.83,1664264.0
19.11,72.84,1868175.0
19.11,72.85,1632220.0
19.11,72.86,2018501.0
19.11,72.87,1580994.0
19.11,72.88,1465160.0
19.11,72.89,1745065.0
19.11,72.9,1858481.0
19.11,72.91,1635157.0
19.11,72.92,1462434.0
19.11,72.93,1904356.0
19.11,72.94,565889.0
19.11,76.55,59150.0
19.12,72.83,1678889.0
19.12,72.84,1195106.0
19.12,72.85,1857633.0
19.12,72.86,1460860.0
19.12,72.87,2190031.0
19.12,72.88,1753603.0
19.12,72.89,1635526.0
19.12,72.9,1752583.0
19.12,72.91,1405484.0
19.12,72.92,1695750.0
19.12,72.93,1681104.0
19.12,72.94,341859.0
19.13,72.83,1349148.0
19.13,72.84,899536.0
19.13,72.85,1906854.0
19.13,72.86,2031346.0
19.13,72.87,1703444.0
19.13,72.88,2074360.0
19.13,72.89,1751181.0
19.13,72.9,1346931.0
19.13,72.91,1463856.0
19.13,72.92,1174963.0
19.13,72.93,1285362.0
19.13,72.94,622588.0
19.14,72.83,1299710.0
19.14,72.84,1859214.0
19.14,72.85,1965200.0
19.14,72.86,2080667.0
19.14,72.87,1918246.0
19.14,72.88,1073632.0
19.14,72.89,1571824.0
19.14,72.9,1117568.0
19.14,72.91,1456880.0
19.14,72.92,1593765.0
19.14,72.93,1244369.0
19.14,72.94,562015.0
19.14,79.71,59561.0
19.14,80.16,59500.0
19.15,72.83,1577566.0
19.15,72.84,1760200.0
19.15,72.85,1470397.0
19.15,72.86,1756305.0
19.15,72.87,1852167.0
19.15,72.88,1415258.0
19.15,72.89,1622108.0
19.15,72.9,1238483.0
19.15,72.91,1635799.0
19.15,72.92,1421681.0
19.15,72.93,1959543.0
19.15,72.94,398373.0
19.16,72.83,1176494.0
19.16,72.84,1530637.0
19.16,72.85,1798596.0
19.16,72.86,1124367.0
19.16,72.87,1531280.0
19.16,72.88,1625936.0
19.16,72.89,1636513.0
19.16,72.9,1742432.0
19.16,72.91,1580460.0
19.16,72.92,1751188.0
19.16,72.93,1799380.0
19.16,72.94,282934.0
19.17,72.83,896674.0
19.17,72.84,789827.0
19.17,72.85,1312387.0
19.17,72.86,1580183.0
19.17,72.87,1511249.0
19.17,72.88,1965102.0
19.17,72.89,1353435.0
19.17,72.9,1189625.0
19.17,72.91,1524109.0
19.17,72.92,1735616.0
19.17,72.93,1529996.0
19.17,72.94,623314.0
19.17,81.27,59399.0
19.18,72.83,1686775.0
19.18,72.84,1517475.0
19.18,72.85,1125705.0
19.18,72.86,1465156.0
19.18,72.87,2351956.0
19.18,72.88,1694957.0
19.18,72.89,1625964.0
19.18,72.9,1021925.0
19.18,72.91,1695580.0
19.18,72.92,1294219.0
19.18,72.93,1573523.0
19.18,72.94,281433.0
19.18,88.2,59980.0
19.19,72.83,1404928.0
19.19,72.84,1229872.0
19.19,72.85,1455218.0
19.19,72.86,948829.0
19.19,72.87,1911723.0
19.19,72.88,1733079.0
19.19,72.89,1912366.0
19.19,72.9,1972267.0
19.19,72.91,1690813.0
19.19,72.92,1354946.0
19.19,72.93,1283316.0
19.19,72.94,504928.0
19.19,76.8,59063.0
19.19,80.55,59813.0
19.2,72.73,58816.0
19.2,72.83,1453935.0
19.2,72.84,1290970.0
19.2,72.85,1800526.0
19.2,72.86,2721408.0
19.2,72.87,2148003.0
19.2,72.88,1461873.0
19.2,72.89,1514965.0
19.2,72.9,2030240.0
19.2,72.91,1626218.0
19.2,72.92,2030175.0
19.2,72.93,1565829.0
19.2,72.94,338385.0
19.2,75.74,59301.0
19.21,72.83,620807.0
19.21,72.84,845904.0
19.21,72.85,1168012.0
19.21,72.86,1022936.0
19.21,72.87,959156.0
19.21,72.88,784000.0
19.21,72.89,726636.0
19.21,72.9,1119056.0
19.21,72.91,794734.0
19.21,72.92,1063768.0
19.21,72.93,837908.0
19.21,72.94,389976.0
19.21,73.99,59153.0
19.21,75.11,59884.0
19.23,75.23,59818.0
19.26,70.32,59751.0
19.27,85.17,59625.0
19.28,84.83,59793.0
19.28,86.63,59285.0
19.3,70.11,59579.0
19.3,84.53,59080.0
19.3,86.52,59593.0
19.31,72.03,59565.0
19.31,80.42,59519.0
19.33,86.07,58936.0
19.34,74.14,58902.0
19.35,84.42,59842.0
19.36,78.42,59274.0
19.37,80.83,59629.0
19.38,86.5,58803.0
19.4,73.61,59856.0
19.4,73.94,59479.0
19.4,81.62,59968.0
19.42,77.3,59246.0
19.46,72.51,59441.0
19.47,69.66,59417.0
19.48,86.81,58818.0
19.51,77.36,59774.0
19.52,84.12,59786.0
19.58,83.64,58992.0
19.64,69.7,59549.0
19.65,87.16,59913.0
19.66,79.24,59638.0
19.67,70.57,59541.0
19.67,74.23,59829.0
19.67,88.27,58824.0
19.68,72.27,59750.0
19.72,82.09,59069.0
19.73,77.5,58863.0
19.74,76.92,59866.0
19.74,83.3,59464.0
19.75,81.13,59188.0
19.76,75.52,58834.0
19.76,77.7,59046.0
19.76,80.44,58878.0
19.78,73.43,59835.0
19.78,81.93,59142.0
19.8,78.34,59241.0
19.81,86.04,59721.0
19.83,70.82,58845.0
19.83,72.22,59304.0
19.83,82.04,59317.0
19.87,70.49,58823.0
19.88,86.79,58922.0
19.9,71.04,59182.0
19.9,84.1,59057.0
19.95,75.04,59760.0
19.96,75.23,58868.0
19.96,76.37,59266.0
19.96,79.72,59762.0
19.98,82.97,59546.0
19.98,85.68,59821.0
19.99,74.57,59015.0
19.99,87.76,59349.0
20.0,71.94,59814.0
20.02,79.86,59122.0
20.07,71.33,59823.0
20.07,74.67,59520.0
20.07,84.05,59320.0
20.08,75.53,59744.0
20.09,85.6,59174.0
20.09,86.58,59554.0
20.1,85.98,59078.0
20.16,71.33,59193.0
20.17,71.05,59743.0
20.17,79.51,59191.0
20.17,82.45,59914.0
20.19,80.06,59732.0
20.22,69.17,59733.0
20.22,88.28,59173.0
20.25,82.58,59600.0
20.27,80.57,59907.0
20.28,84.84,59376.0
20.29,84.22,59210.0
20.32,75.39,59789.0
20.33,79.89,59933.0
20.35,69.63,59139.0
20.36,85.55,59345.0
20.37,83.21,59550.0
20.43,86.88,59363.0
20.45,83.11,59352.0
20.48,84.74,59739.0
20.49,72.6,59220.0
20.49,78.07,59822.0
20.49,84.49,59861.0
20.51,71.99,59355.0
20.51,78.0,59988.0
20.52,87.73,59880.0
20.52,88.17,59888.0
20.55,85.08,58873.0
20.63,75.56,58988.0
20.64,86.31,59831.0
20.67,77.05,59003.0
20.69,76.6,59741.0
20.7,88.48,59323.0
20.72,74.0,59110.0
20.74,72.81,58850.0
20.77,87.18,59071.0
20.81,87.74,58948.0
20.81,88.46,59384.0
20.83,87.0,59939.0
20.87,70.41,59366.0
20.87,86.98,59512.0
20.87,87.08,59944.0
20.93,71.22,59784.0
20.93,83.82,59685.0
20.96,73.67,59783.0
21.0,72.64,59716.0
21.0,81.98,59509.0
21.01,69.09,59152.0
21.03,72.87,59218.0
21.04,69.47,59573.0
21.05,71.01,58860.0
21.07,70.27,59144.0
21.07,72.23,59379.0
21.08,79.93,59648.0
21.1,76.11,59504.0
21.11,83.52,59198.0
21.14,79.73,59832.0
21.18,84.57,59899.0
21.19,71.3,59934.0
21.25,86.46,59259.0
21.25,86.53,59768.0
21.28,77.11,58820.0
21.28,81.79,58800.0
21.3,74.72,58950.0
21.33,82.22,59030.0
21.34,79.77,59166.0
21.35,69.28,59990.0
21.37,70.47,59723.0
21.37,82.71,59528.0
21.39,76.62,59488.0
21.4,76.43,59956.0
21.4,80.56,59127.0
21.44,72.14,59341.0
21.44,80.84,59346.0
21.44,87.24,59068.0
21.45,70.28,59393.0
21.45,71.13,59298.0
21.46,80.54,59365.0
21.47,70.91,58958.0
21.48,70.62,59206.0
21.48,85.66,58939.0
21.48,87.98,59984.0
21.5,85.06,59499.0
21.52,84.58,58979.0
21.56,83.39,59581.0
21.57,69.23,59610.0
21.58,76.05,59650.0
21.59,82.15,59601.0
21.61,81.39,59357.0
21.62,80.94,59197.0
21.62,83.06,59524.0
21.62,83.46,59749.0
21.63,78.12,59446.0
21.63,78.61,59318.0
21.65,71.65,59508.0
21.65,75.68,59329.0
21.65,80.93,59090.0
21.67,83.9,59709.0
21.69,83.68,59892.0
21.7,71.39,59498.0
21.72,70.88,58961.0
21.73,81.8,59725.0
21.74,69.09,59998.0
21.75,83.67,59116.0
21.76,86.15,59375.0
21.77,80.63,58844.0
21.78,70.28,58889.0
21.82,83.97,59143.0
21.83,77.66,59647.0
21.85,87.5,59302.0
21.86,78.93,58872.0
21.87,72.59,59542.0
21.89,80.31,59089.0
21.9,80.06,59909.0
21.9,82.94,59141.0
21.92,82.46,59442.0
21.92,85.67,59010.0
21.93,73.98,59079.0
21.95,76.36,59465.0
21.97,77.03,59459.0
21.97,78.23,59807.0
21.97,83.16,58934.0
21.98,69.34,59731.0
21.98,73.9,59048.0
21.98,82.14,59664.0
22.01,85.54,59632.0
22.02,84.57,59700.0
22.05,82.11,276998.0
22.05,82.12,307188.0
22.05,82.13,326285.0
22.05,82.14,280027.0
22.05,82.15,321455.0
22.05,82.16,322306.0
22.05,82.17,420056.0
22.05,82.18,305517.0
22.05,82.19,429312.0
22.05,82.2,128491.0
22.06,69.36,59669.0
22.06,69.69,59420.0
22.06,82.11,481303.0
22.06,82.12,530799.0
22.06,82.13,675368.0
22.06,82.14,648875.0
22.06,82.15,636342.0
22.06,82.16,753315.0
22.06,82.17,592051.0
22.06,82.18,606576.0
22.06,82.19,583989.0
22.06,82.2,100377.0
22.07,82.11,436713.0
22.07,82.12,733385.0
22.07,82.13,502030.0
22.07,82.14,658385.0
22.07,82.15,589325.0
22.07,82.16,513715.0
22.07,82.17,578182.0
22.07,82.18,649226.0
22.07,82.19,465009.0
22.07,82.2,95741.0
22.08,82.11,539586.0
22.08,82.12,524636.0
22.08,82.13,551358.0
22.08,82.14,427237.0
22.08,82.15,594671.0
22.08,82.16,525787.0
22.08,82.17,524525.0
22.08,82.18,480035.0
22.08,82.19,472417.0
22.08,82.2,155099.0
22.09,78.62,59326.0
22.09,82.11,430915.0
22.09,82.12,553484.0
22.09,82.13,531420.0
22.09,82.14,626351.0
22.09,82.15,505080.0
22.09,82.16,505861.0
22.09,82.17,391991.0
22.09,82.18,495782.0
22.09,82.19,521170.0
22.09,82.2,116545.0
22.1,71.02,58929.0
22.1,72.19,58911.0
22.1,82.11,377726.0
22.1,82.12,546440.0
22.1,82.13,506778.0
22.1,82.14,545254.0
22.1,82.15,614420.0
22.1,82.16,559805.0
22.1,82.17,528650.0
22.1,82.18,785509.0
22.1,82.19,577115.0
22.1,82.2,284363.0
22.1,84.59,59287.0
22.11,82.11,116101.0
22.11,82.12,226002.0
22.11,82.13,129944.0
22.11,82.14,186433.0
22.11,82.15,151804.0
22.11,82.16,211154.0
22.11,82.17,165792.0
22.11,82.18,188369.0
22.11,82.19,282751.0
22.11,82.2,11999.0
22.14,77.12,59720.0
22.16,74.35,59001.0
22.2,78.51,58987.0
22.2,83.86,59136.0
22.21,79.5,59295.0
22.22,72.45,59019.0
22.24,77.98,59131.0
22.26,80.54,58883.0
22.26,84.06,59941.0
22.27,75.03,59840.0
22.29,82.31,58999.0
22.31,70.05,58920.0
22.32,77.18,59082.0
22.32,83.86,59852.0
22.34,84.56,59316.0
22.35,87.13,59247.0
22.36,70.8,58838.0
22.38,78.84,58885.0
22.39,77.13,59181.0
22.39,80.59,59466.0
22.42,77.47,59671.0
22.44,70.44,59024.0
22.45,71.76,59083.0
22.46,84.04,59411.0
22.5,75.73,59424.0
22.52,70.36,59526.0
22.53,70.28,58914.0
22.54,82.8,59779.0
22.57,72.02,59854.0
22.58,84.4,59506.0
22.59,79.01,59145.0
22.6,71.56,59927.0
22.6,73.58,59922.0
22.61,69.43,59480.0
22.63,74.95,59103.0
22.63,87.81,59460.0
22.64,79.71,59021.0
22.64,88.07,59975.0
22.65,87.3,59640.0
22.66,81.12,59053.0
22.67,69.49,58893.0
22.67,73.66,59432.0
22.67,82.77,59123.0
22.69,75.34,59449.0
22.69,75.81,133250.0
22.69,75.82,682482.0
22.69,75.83,411184.0
22.69,75.84,793714.0
22.69,75.85,733252.0
22.69,75.86,653680.0
22.69,75.87,713145.0
22.69,75.88,539674.0
22.69,75.89,655804.0
22.69,75.9,767550.0
22.69,75.91,601961.0
22.69,75.92,80455.0
22.7,75.81,138165.0
22.7,75.82,622858.0
22.7,75.83,932722.0
22.7,75.84,1087700.0
22.7,75.85,788958.0
22.7,75.86,790145.0
22.7,75.87,1069343.0
22.7,75.88,822616.0
22.7,75.89,655764.0
22.7,75.9,707635.0
22.7,75.91,907485.0
22.7,75.92,53632.0
22.7,87.87,59981.0
22.71,75.81,327636.0
22.71,75.82,900836.0
22.71,75.83,958667.0
22.71,75.84,1173278.0
22.71,75.85,984189.0
22.71,75.86,679134.0
22.71,75.87,572134.0
22.71,75.88,598094.0
22.71,75.89,1008230.0
22.71,75.9,733282.0
22.71,75.91,757274.0
22.71,75.92,80498.0
22.72,75.77,59129.0
22.72,75.81,193422.0
22.72,75.82,653931.0
22.72,75.83,493696.0
22.72,75.84,713445.0
22.72,75.85,957288.0
22.72,75.86,704495.0
22.72,75.87,626560.0
22.72,75.88,902309.0
22.72,75.89,1021630.0
22.72,75.9,596937.0
22.72,75.91,713227.0
22.72,75.92,26751.0
22.73,75.81,299843.0
22.73,75.82,740388.0
22.73,75.83,738375.0
22.73,75.84,644727.0
22.73,75.85,986076.0
22.73,75.86,844350.0
22.73,75.87,1120247.0
22.73,75.88,772469.0
22.73,75.89,761913.0
22.73,75.9,853308.0
22.73,75.91,1167035.0
22.73,75.92,161893.0
22.74,75.81,243477.0
22.74,75.82,988555.0
22.74,75.83,869808.0
22.74,75.84,630815.0
22.74,75.85,867655.0
22.74,75.86,713873.0
22.74,75.87,762365.0
22.74,75.88,570003.0
22.74,75.89,607785.0
22.74,75.9,622820.0
22.74,75.91,952068.0
22.74,75.92,82646.0
22.75,75.81,327575.0
22.75,75.82,873627.0
22.75,75.83,1035167.0
22.75,75.84,888857.0
22.75,75.85,849102.0
22.75,75.86,828143.0
22.75,75.87,461961.0
22.75,75.88,607668.0
22.75,75.89,1004240.0
22.75,75.9,896807.0
22.75,75.91,676987.0
22.75,75.92,82686.0
22.76,75.81,217980.0
22.76,75.82,739375.0
22.76,75.83,793826.0
22.76,75.84,821542.0
22.76,75.85,847502.0
22.76,75.86,1124690.0
22.76,75.87,1041346.0
22.76,75.88,845415.0
22.76,75.89,494466.0
22.76,75.9,899720.0
22.76,75.91,951423.0
22.76,84.29,59708.0
22.77,75.81,80541.0
22.77,75.82,544748.0
22.77,75.83,547368.0
22.77,75.84,220202.0
22.77,75.85,379983.0
22.77,75.86,627979.0
22.77,75.87,438765.0
22.77,75.88,493479.0
22.77,75.89,623732.0
22.77,75.9,358209.0
22.77,75.91,604532.0
22.77,75.92,26446.0
22.8,77.55,59806.0
22.81,88.42,59358.0
22.83,76.73,59591.0
22.85,69.4,59626.0
22.86,73.26,59974.0
22.88,73.39,59113.0
22.88,74.72,59753.0
22.88,84.49,59830.0
22.89,70.73,59869.0
22.9,78.85,59855.0
22.92,78.58,59805.0
22.92,80.13,59108.0
22.92,87.71,58826.0
22.94,73.5,58909.0
22.96,72.51,18182.0
22.96,72.52,16609.0
22.96,72.53,16391.0
22.96,72.54,16952.0
22.96,72.55,17836.0
22.96,72.58,35323.0
22.96,72.59,32137.0
22.96,72.6,52358.0
22.96,72.61,18006.0
22.96,72.62,32462.0
22.96,72.64,18054.0
22.96,72.66,16387.0
22.96,73.79,59282.0
22.97,72.51,169486.0
22.97,72.52,187939.0
22.97,72.53,185869.0
22.97,72.54,69771.0
22.97,72.55,134326.0
22.97,72.56,189289.0
22.97,72.57,117303.0
22.97,72.58,238464.0
22.97,72.59,118555.0
22.97,72.6,171361.0
22.97,72.61,120321.0
22.97,72.62,151426.0
22.97,72.63,248755.0
22.97,72.64,151096.0
22.97,72.65,237424.0
22.97,72.66,264966.0
22.97,72.67,16199.0
22.97,81.94,59344.0
22.98,72.51,168624.0
22.98,72.52,247949.0
22.98,72.53,319292.0
22.98,72.54,200732.0
22.98,72.55,207033.0
22.98,72.56,305256.0
22.98,72.57,168987.0
22.98,72.58,284540.0
22.98,72.59,188262.0
22.98,72.6,220032.0
22.98,72.61,169511.0
22.98,72.62,284852.0
22.98,72.63,136359.0
22.98,72.64,235151.0
22.98,72.65,224248.0
22.98,72.66,153543.0
22.98,72.67,16340.0
22.99,72.51,120377.0
22.99,72.52,206697.0
22.99,72.53,150384.0
22.99,72.54,287022.0
22.99,72.55,151802.0
22.99,72.56,204880.0
22.99,72.57,184014.0
22.99,72.58,239171.0
22.99,72.59,202360.0
22.99,72.6,236439.0
22.99,72.61,308818.0
22.99,72.62,215551.0
22.99,72.63,268532.0
22.99,72.64,188723.0
22.99,72.65,148678.0
22.99,72.66,273184.0
22.99,87.88,59097.0
23.0,72.51,169100.0
23.0,72.52,220869.0
23.0,72.53,232371.0
23.0,72.54,244949.0
23.0,72.55,222051.0
23.0,72.56,208156.0
23.0,72.57,257234.0
23.0,72.58,253867.0
23.0,72.59,153677.0
23.0,72.6,236367.0
23.0,72.61,170441.0
23.0,72.62,131602.0
23.0,72.63,234988.0
23.0,72.64,286634.0
23.0,72.65,283248.0
23.0,72.66,257015.0
23.0,74.4,59016.0
23.0,78.33,59705.0
23.0,82.08,59413.0
23.01,72.51,121376.0
23.01,72.52,184661.0
23.01,72.53,152158.0
23.01,72.54,209428.0
23.01,72.55,186815.0
23.01,72.56,288853.0
23.01,72.57,151902.0
23.01,72.58,199899.0
23.01,72.59,155169.0
23.01,72.6,117649.0
23.01,72.61,186126.0
23.01,72.62,202448.0
23.01,72.63,237581.0
23.01,72.64,254982.0
23.01,72.65,117590.0
23.01,72.66,252536.0
23.02,72.51,166975.0
23.02,72.52,137935.0
23.02,72.53,149406.0
23.02,72.54,185665.0
23.02,72.55,302452.0
23.02,72.56,219481.0
23.02,72.57,248673.0
23.02,72.58,166976.0
23.02,72.59,237742.0
23.02,72.6,200237.0
23.02,72.61,119863.0
23.02,72.62,152044.0
23.02,72.63,215196.0
23.02,72.64,170351.0
23.02,72.65,219244.0
23.02,72.66,382747.0
23.02,72.67,17488.0
23.03,72.51,154501.0
23.03,72.52,252465.0
23.03,72.53,272050.0
23.03,72.54,203505.0
23.03,72.55,256625.0
23.03,72.56,217127.0
23.03,72.57,258558.0
23.03,72.58,134840.0
23.03,72.59,236466.0
23.03,72.6,269775.0
23.03,72.61,151771.0
23.03,72.62,289336.0
23.03,72.63,304252.0
23.03,72.64,219932.0
23.03,72.65,203454.0
23.03,72.66,284158.0
23.04,71.36,59388.0
23.04,72.51,153787.0
23.04,72.52,231945.0
23.04,72.53,270375.0
23.04,72.54,150252.0
23.04,72.55,219772.0
23.04,72.56,287536.0
23.04,72.57,271760.0
23.04,72.58,214684.0
23.04,72.59,148914.0
23.04,72.6,255908.0
23.04,72.61,201458.0
23.04,72.62,251711.0
23.04,72.63,136344.0
23.04,72.64,253629.0
23.04,72.65,338367.0
23.04,72.66,167288.0
23.05,72.51,170554.0
23.05,72.52,134488.0
23.05,72.53,188227.0
23.05,72.54,213522.0
23.05,72.55,249715.0
23.05,72.56,320357.0
23.05,72.57,222648.0
23.05,72.58,252566.0
23.05,72.59,218086.0
23.05,72.6,236945.0
23.05,72.61,204435.0
23.05,72.62,369667.0
23.05,72.63,238308.0
23.05,72.64,257179.0
23.05,72.65,168132.0
23.05,72.66,254732.0
23.05,74.24,59386.0
23.06,72.51,99674.0
23.06,72.52,252270.0
23.06,72.53,201843.0
23.06,72.54,202704.0
23.06,72.55,235947.0
23.06,72.56,135451.0
23.06,72.57,189375.0
23.06,72.58,182930.0
23.06,72.59,238613.0
23.06,72.6,151916.0
23.06,72.61,249949.0
23.06,72.62,115985.0
23.06,72.63,169289.0
23.06,72.64,150834.0
23.06,72.65,168400.0
23.06,72.66,270477.0
23.06,72.67,15821.0
23.06,72.74,59157.0
23.07,72.51,120594.0
23.07,72.52,119034.0
23.07,72.53,184868.0
23.07,72.54,239463.0
23.07,72.55,118415.0
23.07,72.56,337850.0
23.07,72.57,322296.0
23.07,72.58,207039.0
23.07,72.59,130345.0
23.07,72.6,168001.0
23.07,72.61,239162.0
23.07,72.62,165368.0
23.07,72.63,238966.0
23.07,72.64,266630.0
23.07,72.65,152841.0
23.07,72.66,99136.0
23.08,71.43,59817.0
23.08,72.51,136967.0
23.08,72.52,154012.0
23.08,72.53,218118.0
23.08,72.54,364921.0
23.08,72.55,198693.0
23.08,72.56,320945.0
23.08,72.57,256499.0
23.08,72.58,188359.0
23.08,72.59,137062.0
23.08,72.6,272822.0
23.08,72.61,224692.0
23.08,72.62,149552.0
23.08,72.63,252445.0
23.08,72.64,167693.0
23.08,72.65,339935.0
23.08,72.66,218287.0
23.08,74.15,15599.0
23.09,72.51,82966.0
23.09,72.52,235947.0
23.09,72.53,135974.0
23.09,72.54,117136.0
23.09,72.55,85488.0
23.09,72.56,302421.0
23.09,72.57,287549.0
23.09,72.58,268527.0
23.09,72.59,117400.0
23.09,72.6,190079.0
23.09,72.61,102271.0
23.09,72.62,443796.0
23.09,72.63,304626.0
23.09,72.64,298573.0
23.09,72.65,133813.0
23.09,72.66,237327.0
23.09,72.67,17207.0
23.11,73.78,59290.0
23.12,80.06,58946.0
23.13,75.89,59666.0
23.14,73.26,59140.0
23.17,71.39,58977.0
23.18,87.31,58969.0
23.19,79.01,58928.0
23.21,80.52,58986.0
23.21,81.37,59668.0
23.22,82.56,59095.0
23.24,74.28,59780.0
23.26,70.64,59350.0
23.26,73.91,59983.0
23.27,71.78,59622.0
23.29,80.19,59719.0
23.37,80.5,59314.0
23.38,69.52,59606.0
23.4,81.74,59014.0
23.42,70.4,59905.0
23.45,83.27,59582.0
23.45,87.94,59661.0
23.46,82.93,59764.0
23.46,83.24,58840.0
23.48,69.04,59976.0
23.49,77.38,59091.0
23.49,85.26,59916.0
23.51,84.93,58825.0
23.52,70.8,58875.0
23.54,75.57,59987.0
23.55,71.77,58877.0
23.56,69.57,59303.0
23.56,74.12,59211.0
23.57,88.32,59238.0
23.58,87.84,59397.0
23.6,69.48,58953.0
23.6,82.8,59598.0
23.62,86.41,59609.0
23.64,73.93,58827.0
23.65,75.41,58954.0
23.66,78.08,59677.0
23.67,87.73,58835.0
23.7,82.16,59569.0
23.72,85.44,59523.0
23.74,69.59,59551.0
23.78,74.37,59240.0
23.8,86.69,58808.0
23.83,76.45,58832.0
23.83,87.94,59223.0
23.84,77.27,58881.0
23.85,82.65,58871.0
23.85,83.12,59490.0
23.86,80.88,59292.0
23.91,73.87,59518.0
23.92,76.01,59847.0
23.92,85.56,59986.0
23.93,71.91,59969.0
23.93,82.37,59615.0
23.93,88.33,59254.0
23.94,80.76,59946.0
23.95,77.46,59270.0
23.98,82.28,58807.0
24.01,88.3,59594.0
24.03,74.42,59251.0
24.03,84.52,59794.0
24.06,69.93,59820.0
24.08,82.99,58901.0
24.08,87.76,59872.0
24.12,76.0,59421.0
24.12,83.34,59194.0
24.14,71.58,58876.0
24.16,77.5,59128.0
24.18,86.46,58810.0
24.19,69.5,59094.0
24.19,75.65,59679.0
24.2,84.84,58926.0
24.23,75.15,59310.0
24.23,83.72,59017.0
24.24,82.01,59230.0
24.25,87.77,59022.0
24.26,77.3,59422.0
24.26,87.15,58898.0
24.27,84.35,59959.0
24.28,88.46,59955.0
24.31,79.72,59929.0
24.32,81.67,58851.0
24.33,82.84,59102.0
24.33,84.67,59924.0
24.34,85.46,59177.0
24.36,86.51,59265.0
24.4,81.07,59900.0
24.41,86.75,59229.0
24.45,72.01,59790.0
24.46,76.88,59631.0
24.47,87.16,59696.0
24.48,71.4,59703.0
24.48,85.24,59196.0
24.49,77.8,59391.0
24.5,84.14,59037.0
24.5,84.19,59923.0
24.55,74.33,59268.0
24.55,88.27,59849.0
24.56,84.4,59952.0
24.56,87.79,59107.0
24.57,69.92,59702.0
24.57,75.86,59217.0
24.57,81.84,59882.0
24.57,84.28,59859.0
24.59,70.14,59994.0
24.59,80.29,59795.0
24.6,78.1,58933.0
24.62,73.03,59785.0
24.69,75.1,59982.0
24.7,78.22,59058.0
24.7,81.01,59032.0
24.7,85.12,59267.0
24.71,69.16,58864.0
24.73,70.23,59261.0
24.75,70.64,59331.0
24.76,80.41,59138.0
24.77,74.19,59184.0
24.79,70.1,59915.0
24.79,82.41,59158.0
24.82,88.4,59674.0
24.83,75.06,59076.0
24.85,75.72,59782.0
24.87,80.34,59328.0
24.89,81.53,58905.0
24.91,86.4,59564.0
24.92,84.49,59675.0
24.93,77.16,59833.0
24.95,72.98,59839.0
24.95,81.47,58957.0
24.97,80.34,58903.0
24.98,72.46,58869.0
25.02,71.93,58998.0
25.03,77.75,59043.0
25.03,78.77,59118.0
25.03,79.12,58951.0
25.05,74.63,59787.0
25.09,88.19,59477.0
25.11,77.89,59409.0
25.13,69.24,59277.0
25.13,79.59,59025.0
25.13,80.64,59896.0
25.14,86.96,59970.0
25.17,73.26,59444.0
25.17,78.42,59633.0
25.18,81.64,58985.0
25.2,79.94,59028.0
25.22,77.5,59154.0
25.23,74.72,59522.0
25.23,81.46,59672.0
25.24,79.01,59857.0
25.24,82.3,59746.0
25.25,72.15,59455.0
25.25,84.58,59636.0
25.27,70.58,59568.0
25.28,77.58,58965.0
25.29,69.34,59694.0
25.29,72.53,59572.0
25.29,75.6,58880.0
25.31,77.03,59997.0
25.32,86.15,59511.0
25.33,71.33,59202.0
25.33,81.49,59483.0
25.34,78.78,59736.0
25.37,85.48,59291.0
25.4,80.61,59284.0
25.46,75.41,59858.0
25.47,83.89,59054.0
25.48,69.45,59148.0
25.49,83.95,59810.0
25.5,83.2,59825.0
25.51,81.72,59734.0
25.52,85.11,59453.0
25.53,75.67,58870.0
25.53,87.86,58841.0
25.54,71.6,59330.0
25.55,75.48,59692.0
25.56,75.05,59004.0
25.56,80.84,59682.0
25.57,72.69,59717.0
25.57,74.39,59502.0
25.57,79.75,58947.0
25.57,83.44,59972.0
25.57,88.25,58952.0
25.58,87.02,59275.0
25.62,78.32,59006.0
25.64,73.75,59045.0
25.66,70.55,59996.0
25.67,87.29,59180.0
25.69,76.91,59378.0
25.7,82.77,59457.0
25.71,77.71,59535.0
25.74,82.28,59171.0
25.75,76.88,59478.0
25.75,80.67,58921.0
25.76,87.45,126236.0
25.76,87.46,352655.0
25.76,87.47,236376.0
25.76,87.48,284911.0
25.76,87.49,329517.0
25.76,87.5,131755.0
25.77,87.45,581280.0
25.77,87.46,1786456.0
25.77,87.47,1573217.0
25.77,87.48,1599412.0
25.77,87.49,1809535.0
25.77,87.5,747370.0
25.78,87.45,551542.0
25.78,87.46,1986381.0
25.78,87.47,1623415.0
25.78,87.48,1564703.0
25.78,87.49,1691640.0
25.78,87.5,762521.0
25.79,75.35,59179.0
25.79,87.45,377220.0
25.79,87.46,1319111.0
25.79,87.47,1220729.0
25.79,87.48,1285576.0
25.79,87.49,1287686.0
25.79,87.5,429456.0
25.8,82.09,59712.0
25.8,87.53,59995.0
25.82,85.4,59473.0
25.84,84.92,59156.0
25.85,79.21,59778.0
25.86,77.91,59020.0
25.88,75.66,59559.0
25.92,75.85,59279.0
25.94,74.53,59429.0
25.98,73.84,59530.0
25.99,74.35,59953.0
25.99,83.67,59684.0
26.02,73.57,59165.0
26.02,83.27,58839.0
26.03,75.32,59436.0
26.03,84.67,59371.0
26.04,81.76,59497.0
26.05,76.88,59965.0
26.05,85.31,59088.0
26.05,88.39,59534.0
26.07,80.31,58975.0
26.07,86.58,59319.0
26.08,76.9,59649.0
26.08,87.42,59456.0
26.1,77.14,59918.0
26.13,85.44,59438.0
26.14,73.33,59722.0
26.15,69.62,58859.0
26.16,79.29,59467.0
26.18,70.7,59773.0
26.24,76.08,59560.0
26.25,76.49,59495.0
26.25,80.41,59755.0
26.25,84.65,59756.0
26.27,77.66,59876.0
26.3,74.22,59224.0
26.33,69.28,59382.0
26.35,77.13,59710.0
26.35,80.21,59146.0
26.38,82.91,59489.0
26.39,82.41,59838.0
26.4,76.59,59176.0
26.43,70.86,59962.0
26.44,80.26,292012.0
26.44,80.27,2340205.0
26.44,80.28,2078970.0
26.44,80.29,1839378.0
26.44,80.3,2195625.0
26.44,80.31,1753572.0
26.44,80.32,2468514.0
26.44,80.33,1882505.0
26.44,80.34,1072018.0
26.45,74.6,29900.0
26.45,74.63,760702.0
26.45,74.64,2367690.0
26.45,74.65,1816064.0
26.45,74.66,320829.0
26.45,80.26,292321.0
26.45,80.27,2325739.0
26.45,80.28,2763973.0
26.45,80.29,2533925.0
26.45,80.3,2182474.0
26.45,80.31,2465256.0
26.45,80.32,2538142.0
26.45,80.33,2677002.0
26.45,80.34,2043260.0
26.46,74.58,1103351.0
26.46,74.59,9898298.0
26.46,74.6,8519537.0
26.46,74.61,9711404.0
26.46,74.62,6356992.0
26.46,74.63,2395860.0
26.46,74.64,6400179.0
26.46,74.65,5765010.0
26.46,74.66,965050.0
26.46,78.45,59307.0
26.46,80.26,293899.0
26.46,80.27,2502395.0
26.46,80.28,2467941.0
26.46,80.29,2791432.0
26.46,80.3,2313448.0
26.46,80.31,2378786.0
26.46,80.32,2434724.0
26.46,80.33,1891717.0
26.46,80.34,1536259.0
26.47,74.58,182666.0
26.47,74.59,1311715.0
26.47,74.6,1037838.0
26.47,74.61,827871.0
26.47,74.62,734778.0
26.47,74.63,2167703.0
26.47,74.64,5910458.0
26.47,74.65,6229604.0
26.47,74.66,817421.0
26.47,74.81,59727.0
26.47,78.67,59219.0
26.47,80.26,33170.0
26.47,80.27,2446020.0
26.47,80.28,2138908.0
26.47,80.29,2499319.0
26.47,80.3,1857701.0
26.47,80.31,2869168.0
26.47,80.32,1623202.0
26.47,80.33,2243651.0
26.47,80.34,1502745.0
26.48,74.63,409641.0
26.48,74.64,676592.0
26.48,74.65,933726.0
26.48,74.66,87821.0
26.48,80.26,165133.0
26.48,80.27,1464855.0
26.48,80.28,2081602.0
26.48,80.29,1549761.0
26.48,80.3,1971289.0
26.48,80.31,1303688.0
26.48,80.32,1601700.0
26.48,80.33,1559699.0
26.48,80.34,1231597.0
26.5,70.87,59620.0
26.51,82.85,58942.0
26.51,85.62,59049.0
26.53,70.87,59248.0
26.53,73.6,59863.0
26.53,75.07,59029.0
26.53,78.17,59242.0
26.53,80.91,59935.0
26.54,69.27,59911.0
26.54,72.17,59930.0
26.55,70.29,59871.0
26.58,79.78,59667.0
26.59,80.06,59846.0
26.65,70.68,58982.0
26.66,78.8,58989.0
26.66,86.69,59505.0
26.67,75.37,59815.0
26.67,80.75,59134.0
26.67,88.03,59897.0
26.7,69.83,59263.0
26.7,74.79,59204.0
26.71,75.57,59293.0
26.72,94.17,308583.0
26.72,94.18,400626.0
26.72,94.19,315992.0
26.72,94.2,361338.0
26.72,94.21,465507.0
26.72,94.22,389186.0
26.72,94.23,252290.0
26.73,79.22,59624.0
26.73,83.01,59288.0
26.73,94.17,455544.0
26.73,94.18,437954.0
26.73,94.19,447498.0
26.73,94.2,476214.0
26.73,94.21,533016.0
26.73,94.22,492751.0
26.73,94.23,230224.0
26.74,80.66,59381.0
26.74,94.17,365317.0
26.74,94.18,633770.0
26.74,94.19,423030.0
26.74,94.2,429054.0
26.74,94.21,495757.0
26.74,94.22,578405.0
26.74,94.23,312100.0
26.75,94.17,413094.0
26.75,94.18,425868.0
26.75,94.19,583486.0
26.75,94.2,430352.0
26.75,94.21,477089.0
26.75,94.22,518890.0
26.75,94.23,306535.0
26.76,94.17,395803.0
26.76,94.18,627743.0
26.76,94.19,473213.0
26.76,94.2,565170.0
26.76,94.21,448919.0
26.76,94.22,486184.0
26.76,94.23,327212.0
26.77,94.17,245251.0
26.77,94.18,213040.0
26.77,94.19,269431.0
26.77,94.2,232767.0
26.77,94.21,268393.0
26.77,94.22,262209.0
26.77,94.23,123895.0
26.78,71.82,59203.0
26.79,71.18,59027.0
26.81,73.64,59494.0
26.81,77.15,59521.0
26.81,78.02,59005.0
26.82,75.73,58858.0
26.82,82.18,59321.0
26.83,85.94,58944.0
26.85,76.44,58843.0
26.85,77.4,59394.0
26.85,81.25,59322.0
26.89,85.25,58997.0
26.9,84.88,59034.0
26.9,85.22,58861.0
26.91,80.95,58821.0
26.96,75.98,59738.0
26.98,74.9,59848.0
27.0,73.31,59938.0
27.0,77.03,59940.0
27.03,86.43,59604.0
27.04,80.61,59665.0
27.05,80.33,59324.0
27.08,78.93,59812.0
27.09,70.16,59948.0
27.09,79.33,59875.0
27.09,93.61,899850.0
27.09,93.62,1413102.0
27.09,93.63,1466050.0
27.1,75.01,59714.0
27.1,81.52,59737.0
27.1,93.61,1398690.0
27.1,93.62,1994003.0
27.1,93.63,2046546.0
27.11,93.61,261418.0
27.11,93.62,354033.0
27.11,93.63,305008.0
27.12,72.02,59926.0
27.13,88.26,59883.0
27.15,83.48,59213.0
27.15,85.81,59428.0
27.16,81.86,58888.0
27.18,70.9,59387.0
27.19,74.71,58919.0
27.2,80.57,59963.0
27.2,81.09,59775.0
27.2,85.71,59237.0
27.22,80.19,59236.0
27.24,85.63,59472.0
27.25,87.09,59151.0
27.26,75.65,59255.0
27.26,86.98,59364.0
27.29,84.83,59798.0
27.32,73.53,58931.0
27.34,76.46,59881.0
27.34,87.77,58970.0
27.35,82.37,59299.0
27.35,84.15,58853.0
27.37,70.67,59539.0
27.39,84.87,58837.0
27.44,71.14,59189.0
27.46,70.39,58819.0
27.46,85.75,59555.0
27.48,80.21,59641.0
27.52,78.84,58966.0
27.54,75.86,59226.0
27.56,73.17,59249.0
27.58,69.87,59893.0
27.59,80.89,59380.0
27.61,70.63,59819.0
27.63,79.65,58925.0
27.64,73.96,59178.0
27.64,82.03,59826.0
27.65,69.81,59706.0
27.65,79.53,58938.0
27.7,72.18,59532.0
27.7,74.47,59492.0
27.71,79.55,59578.0
27.73,69.21,59336.0
27.74,78.03,59333.0
27.75,82.26,59159.0
27.76,85.15,59012.0
27.78,73.94,59608.0
27.79,76.85,59042.0
27.82,69.83,59126.0
27.82,71.46,58812.0
27.83,73.76,59286.0
27.83,78.75,59844.0
27.84,77.8,59427.0
27.85,81.24,59586.0
27.86,73.74,58890.0
27.86,78.75,59853.0
27.86,83.11,58899.0
27.87,75.29,59372.0
27.87,87.21,59651.0
27.88,84.8,58831.0
27.89,84.54,59879.0
27.93,73.98,59125.0
27.93,78.11,59599.0
27.97,81.67,59540.0
27.98,74.43,59917.0
28.01,77.87,59715.0
28.05,70.09,59410.0
28.05,85.7,59660.0
28.08,76.76,59699.0
28.08,85.0,59808.0
28.08,86.0,59979.0
28.09,80.77,58846.0
28.11,88.26,59243.0
28.12,80.79,59404.0
28.12,85.78,59763.0
28.13,86.03,59943.0
28.16,69.35,59912.0
28.17,72.69,59101.0
28.17,76.19,59373.0
28.17,85.37,59435.0
28.18,69.16,59686.0
28.19,75.04,59877.0
28.21,71.16,59673.0
28.21,74.15,58935.0
28.22,79.28,59766.0
28.23,72.79,59961.0
28.24,81.14,58980.0
28.25,76.56,59828.0
28.26,84.72,59353.0
28.27,75.69,59235.0
28.27,83.57,59627.0
28.29,74.44,58809.0
28.3,72.61,59628.0
28.33,84.62,59514.0
28.35,76.43,58943.0
28.37,74.46,59851.0
28.38,74.77,58915.0
28.38,79.95,59281.0
28.39,69.22,59051.0
28.39,78.55,59431.0
28.4,70.98,59105.0
28.4,76.97,59669.0
28.4,76.98,39455.0
28.4,76.99,19542.0
28.4,77.0,97971.0
28.4,77.01,98615.0
28.4,77.02,77958.0
28.4,77.03,37107.0
28.4,77.04,59673.0
28.4,77.05,55728.0
28.4,77.06,115903.0
28.4,77.07,95760.0
28.4,77.08,38144.0
28.4,77.09,58509.0
28.4,77.1,97216.0
28.4,79.9,58828.0
28.41,76.97,212333.0
28.41,76.98,432828.0
28.41,76.99,465488.0
28.41,77.0,412817.0
28.41,77.01,191631.0
28.41,77.02,390763.0
28.41,77.03,298149.0
28.41,77.04,485965.0
28.41,77.05,532280.0
28.41,77.06,363673.0
28.41,77.07,550919.0
28.41,77.08,294019.0
28.41,77.09,351473.0
28.41,77.1,309434.0
28.41,77.11,117195.0
28.42,70.07,59447.0
28.42,76.97,151918.0
28.42,76.98,388907.0
28.42,76.99,232699.0
28.42,77.0,456591.0
28.42,77.01,467513.0
28.42,77.02,385842.0
28.42,77.03,332444.0
28.42,77.04,440889.0
28.42,77.05,195060.0
28.42,77.06,306243.0
28.42,77.07,450986.0
28.42,77.08,352703.0
28.42,77.09,275590.0
28.42,77.1,352452.0
28.42,77.11,18633.0
28.43,76.97,193867.0
28.43,76.98,313074.0
28.43,76.99,391805.0
28.43,77.0,406305.0
28.43,77.01,288353.0
28.43,77.02,372234.0
28.43,77.03,271516.0
28.43,77.04,433101.0
28.43,77.05,213049.0
28.43,77.06,332403.0
28.43,77.07,412511.0
28.43,77.08,310570.0
28.43,77.09,348611.0
28.43,77.1,370177.0
28.43,77.11,57983.0
28.44,70.65,59804.0
28.44,72.63,18199.0
28.44,76.97,117529.0
28.44,76.98,414803.0
28.44,76.99,292680.0
28.44,77.0,407376.0
28.44,77.01,311259.0
28.44,77.02,307659.0
28.44,77.03,433092.0
28.44,77.04,272730.0
28.44,77.05,369512.0
28.44,77.06,430382.0
28.44,77.07,314278.0
28.44,77.08,369483.0
28.44,77.09,349040.0
28.44,77.1,250935.0
28.44,77.11,18724.0
28.45,76.97,56108.0
28.45,76.98,178557.0
28.45,76.99,501920.0
28.45,77.0,352729.0
28.45,77.01,387056.0
28.45,77.02,326158.0
28.45,77.03,214132.0
28.45,77.04,452858.0
28.45,77.05,384181.0
28.45,77.06,348306.0
28.45,77.07,429032.0
28.45,77.08,275418.0
28.45,77.09,428096.0
28.45,77.1,194146.0
28.45,77.11,58879.0
28.46,76.97,248049.0
28.46,76.98,374115.0
28.46,76.99,467641.0
28.46,77.0,389457.0
28.46,77.01,388575.0
28.46,77.02,234887.0
28.46,77.03,258064.0
28.46,77.04,311899.0
28.46,77.05,349645.0
28.46,77.06,333891.0
28.46,77.07,351803.0
28.46,77.08,310175.0
28.46,77.09,332027.0
28.46,77.1,367400.0
28.46,77.11,20493.0
28.46,78.5,59767.0
28.46,79.71,59634.0
28.46,82.88,59252.0
28.46,83.17,59611.0
28.47,76.97,115369.0
28.47,76.98,350817.0
28.47,76.99,364783.0
28.47,77.0,290682.0
28.47,77.01,332798.0
28.47,77.02,271440.0
28.47,77.03,374387.0
28.47,77.04,406389.0
28.47,77.05,214420.0
28.47,77.06,433199.0
28.47,77.07,293060.0
28.47,77.08,393422.0
28.47,77.09,368704.0
28.47,77.1,352398.0
28.47,77.11,58780.0
28.48,76.97,134637.0
28.48,76.98,190812.0
28.48,76.99,330500.0
28.48,77.0,331484.0
28.48,77.01,490198.0
28.48,77.02,256130.0
28.48,77.03,252930.0
28.48,77.04,292861.0
28.48,77.05,387961.0
28.48,77.06,589665.0
28.48,77.07,469012.0
28.48,77.08,251378.0
28.48,77.09,313897.0
28.48,77.1,443564.0
28.48,81.19,59797.0
28.49,76.97,213753.0
28.49,76.98,428351.0
28.49,76.99,350743.0
28.49,77.0,467657.0
28.49,77.01,409886.0
28.49,77.02,468971.0
28.49,77.03,214813.0
28.49,77.04,328358.0
28.49,77.05,369505.0
28.49,77.06,451406.0
28.49,77.07,270626.0
28.49,77.08,394629.0
28.49,77.09,387099.0
28.49,77.1,351466.0
28.49,77.11,37529.0
28.49,80.08,59132.0
28.49,81.09,59973.0
28.49,85.3,59401.0
28.49,86.08,59486.0
28.5,76.97,156404.0
28.5,76.98,256681.0
28.5,76.99,217149.0
28.5,77.0,415581.0
28.5,77.01,311800.0
28.5,77.02,368572.0
28.5,77.03,294708.0
28.5,77.04,197905.0
28.5,77.05,389928.0
28.5,77.06,354623.0
28.5,77.07,465638.0
28.5,77.08,300023.0
28.5,77.09,336754.0
28.5,77.1,583231.0
28.5,77.11,20486.0
28.51,75.52,59306.0
28.51,76.55,59837.0
28.51,76.97,98560.0
28.51,76.98,76579.0
28.51,76.99,78551.0
28.51,77.0,97694.0
28.51,77.01,77004.0
28.51,77.02,178218.0
28.51,77.03,96660.0
28.51,77.04,134451.0
28.51,77.05,196499.0
28.51,77.06,76199.0
28.51,77.07,96145.0
28.51,77.08,99074.0
28.51,77.09,139492.0
28.51,77.1,174164.0
28.51,77.11,40033.0
28.52,73.52,58891.0
28.52,80.12,59109.0
28.53,76.95,59111.0
28.53,77.06,36668.0
28.53,77.07,270536.0
28.53,77.08,119593.0
28.53,77.09,120352.0
28.53,77.1,273687.0
28.53,77.11,112853.0
28.53,77.12,152228.0
28.53,77.13,123120.0
28.53,77.14,200874.0
28.53,77.15,151609.0
28.53,77.16,201056.0
28.53,77.17,188173.0
28.53,77.18,152759.0
28.53,77.19,187065.0
28.53,77.2,197936.0
28.53,77.21,194856.0
28.53,77.22,319881.0
28.53,77.23,84131.0
28.53,77.24,352780.0
28.53,77.25,120706.0
28.53,77.26,152197.0
28.53,77.27,77880.0
28.53,77.28,239715.0
28.53,77.29,72416.0
28.53,77.3,86528.0
28.53,77.31,273903.0
28.53,77.32,119639.0
28.53,77.33,69789.0
28.53,77.34,238610.0
28.53,77.35,119420.0
28.53,77.36,420641.0
28.53,77.37,73777.0
28.54,77.06,276014.0
28.54,77.07,431986.0
28.54,77.08,622148.0
28.54,77.09,463900.0
28.54,77.1,429119.0
28.54,77.11,664055.0
28.54,77.12,680431.0
28.54,77.13,403767.0
28.54,77.14,1010101.0
28.54,77.15,636064.0
28.54,77.16,647970.0
28.54,77.17,598626.0
28.54,77.18,608129.0
28.54,77.19,381705.0
28.54,77.2,502278.0
28.54,77.21,514086.0
28.54,77.22,854786.0
28.54,77.23,1112494.0
28.54,77.24,404472.0
28.54,77.25,735570.0
28.54,77.26,673746.0
28.54,77.27,891690.0
28.54,77.28,645279.0
28.54,77.29,497483.0
28.54,77.3,427511.0
28.54,77.31,829096.0
28.54,77.32,431241.0
28.54,77.33,712161.0
28.54,77.34,613109.0
28.54,77.35,388444.0
28.54,77.36,569627.0
28.54,77.37,462046.0
28.55,77.06,394307.0
28.55,77.07,643041.0
28.55,77.08,882711.0
28.55,77.09,703016.0
28.55,77.1,645995.0
28.55,77.11,810333.0
28.55,77.12,690834.0
28.55,77.13,736948.0
28.55,77.14,700777.0
28.55,77.15,561470.0
28.55,77.16,698939.0
28.55,77.17,632993.0
28.55,77.18,609031.0
28.55,77.19,730232.0
28.55,77.2,714124.0
28.55,77.21,727625.0
28.55,77.22,776607.0
28.55,77.23,1004544.0
28.55,77.24,430759.0
28.55,77.25,721078.0
28.55,77.26,860172.0
28.55,77.27,597563.0
28.55,77.28,668403.0
28.55,77.29,684541.0
28.55,77.3,789275.0
28.55,77.31,631343.0
28.55,77.32,466084.0
28.55,77.33,511382.0
28.55,77.34,654484.0
28.55,77.35,636411.0
28.55,77.36,799952.0
28.55,77.37,274593.0
28.56,77.06,540114.0
28.56,77.07,821872.0
28.56,77.08,725016.0
28.56,77.09,600472.0
28.56,77.1,581407.0
28.56,77.11,390722.0
28.56,77.12,726232.0
28.56,77.13,539042.0
28.56,77.14,654768.0
28.56,77.15,667622.0
28.56,77.16,645342.0
28.56,77.17,673911.0
28.56,77.18,565831.0
28.56,77.19,643358.0
28.56,77.2,384322.0
28.56,77.21,789499.0
28.56,77.22,884069.0
28.56,77.23,333692.0
28.56,77.24,564898.0
28.56,77.25,767423.0
28.56,77.26,573236.0
28.56,77.27,578440.0
28.56,77.28,623333.0
28.56,77.29,571306.0
28.56,77.3,593687.0
28.56,77.31,393763.0
28.56,77.32,722407.0
28.56,77.33,557246.0
28.56,77.34,502652.0
28.56,77.35,656268.0
28.56,77.36,976760.0
28.56,77.37,451510.0
28.57,77.06,348834.0
28.57,77.07,665695.0
28.57,77.08,560960.0
28.57,77.09,621900.0
28.57,77.1,474994.0
28.57,77.11,926452.0
28.57,77.12,423819.0
28.57,77.13,532737.0
28.57,77.14,541750.0
28.57,77.15,488361.0
28.57,77.16,618966.0
28.57,77.17,711386.0
28.57,77.18,667630.0
28.57,77.19,828071.0
28.57,77.2,604863.0
28.57,77.21,557091.0
28.57,77.22,814738.0
28.57,77.23,687086.0
28.57,77.24,674045.0
28.57,77.25,613823.0
28.57,77.26,564029.0
28.57,77.27,559252.0
28.57,77.28,518582.0
28.57,77.29,605982.0
28.57,77.3,592050.0
28.57,77.31,537685.0
28.57,77.32,491526.0
28.57,77.33,375772.0
28.57,77.34,862877.0
28.57,77.35,601181.0
28.57,77.36,786499.0
28.57,77.37,627689.0
28.58,77.06,599197.0
28.58,77.07,490202.0
28.58,77.08,329871.0
28.58,77.09,675433.0
28.58,77.1,874326.0
28.58,77.11,399112.0
28.58,77.12,526092.0
28.58,77.13,619923.0
28.58,77.14,495352.0
28.58,77.15,353272.0
28.58,77.16,499878.0
28.58,77.17,711416.0
28.58,77.18,342994.0
28.58,77.19,535810.0
28.58,77.2,621633.0
28.58,77.21,505538.0
28.58,77.22,508853.0
28.58,77.23,457126.0
28.58,77.24,434073.0
28.58,77.25,308825.0
28.58,77.26,1039696.0
28.58,77.27,549777.0
28.58,77.28,659177.0
28.58,77.29,899381.0
28.58,77.3,519474.0
28.58,77.31,522266.0
28.58,77.32,1070854.0
28.58,77.33,470625.0
28.58,77.34,892481.0
28.58,77.35,516659.0
28.58,77.36,756417.0
28.58,77.37,411348.0
28.58,87.92,59894.0
28.59,76.37,58910.0
28.59,77.06,510249.0
28.59,77.07,689077.0
28.59,77.08,748859.0
28.59,77.09,559403.0
28.59,77.1,376727.0
28.59,77.11,499068.0
28.59,77.12,594117.0
28.59,77.13,429113.0
28.59,77.14,583826.0
28.59,77.15,553638.0
28.59,77.16,746868.0
28.59,77.17,632850.0
28.59,77.18,506868.0
28.59,77.19,493186.0
28.59,77.2,625681.0
28.59,77.21,476956.0
28.59,77.22,472151.0
28.59,77.23,348773.0
28.59,77.24,612197.0
28.59,77.25,723246.0
28.59,77.26,710359.0
28.59,77.27,665379.0
28.59,77.28,550041.0
28.59,77.29,546559.0
28.59,77.3,779412.0
28.59,77.31,430942.0
28.59,77.32,661967.0
28.59,77.33,312928.0
28.59,77.34,664459.0
28.59,77.35,424649.0
28.59,77.36,623606.0
28.59,77.37,190875.0
28.6,77.06,487421.0
28.6,77.07,582635.0
28.6,77.08,381982.0
28.6,77.09,699274.0
28.6,77.1,773323.0
28.6,77.11,362771.0
28.6,77.12,971652.0
28.6,77.13,1098086.0
28.6,77.14,457939.0
28.6,77.15,837077.0
28.6,77.16,468704.0
28.6,77.17,644441.0
28.6,77.18,534887.0
28.6,77.19,597107.0
28.6,77.2,486494.0
28.6,77.21,645415.0
28.6,77.22,717722.0
28.6,77.23,892918.0
28.6,77.24,721383.0
28.6,77.25,727366.0
28.6,77.26,671248.0
28.6,77.27,876648.0
28.6,77.28,750625.0
28.6,77.29,552753.0
28.6,77.3,764186.0
28.6,77.31,487058.0
28.6,77.32,739900.0
28.6,77.33,800700.0
28.6,77.34,586212.0
28.6,77.35,657408.0
28.6,77.36,930012.0
28.6,77.37,557804.0
28.6,78.51,58923.0
28.6,80.02,59313.0
28.61,77.06,525809.0
28.61,77.07,808095.0
28.61,77.08,776888.0
28.61,77.09,397092.0
28.61,77.1,592535.0
28.61,77.11,739422.0
28.61,77.12,770783.0
28.61,77.13,582005.0
28.61,77.14,593884.0
28.61,77.15,675731.0
28.61,77.16,831796.0
28.61,77.17,890103.0
28.61,77.18,821913.0
28.61,77.19,490526.0
28.61,77.2,720579.0
28.61,77.21,545874.0
28.61,77.22,1097740.0
28.61,77.23,618719.0
28.61,77.24,418868.0
28.61,77.25,590737.0
28.61,77.26,426834.0
28.61,77.27,581452.0
28.61,77.28,591583.0
28.61,77.29,858989.0
28.61,77.3,789761.0
28.61,77.31,436637.0
28.61,77.32,881870.0
28.61,77.33,871539.0
28.61,77.34,615954.0
28.61,77.35,538332.0
28.61,77.36,705235.0
28.61,77.37,531791.0
28.62,77.06,475109.0
28.62,77.07,477974.0
28.62,77.08,860504.0
28.62,77.09,720081.0
28.62,77.1,691264.0
28.62,77.11,801629.0
28.62,77.12,781536.0
28.62,77.13,441906.0
28.62,77.14,660902.0
28.62,77.15,468216.0
28.62,77.16,707731.0
28.62,77.17,416885.0
28.62,77.18,629453.0
28.62,77.19,794766.0
28.62,77.2,754710.0
28.62,77.21,659785.0
28.62,77.22,542804.0
28.62,77.23,702808.0
28.62,77.24,518122.0
28.62,77.25,887276.0
28.62,77.26,502637.0
28.62,77.27,476292.0
28.62,77.28,817007.0
28.62,77.29,667738.0
28.62,77.3,605106.0
28.62,77.31,815876.0
28.62,77.32,754316.0
28.62,77.33,574623.0
28.62,77.34,258843.0
28.62,77.35,533746.0
28.62,77.36,494943.0
28.62,77.37,480347.0
28.62,86.99,59300.0
28.63,77.06,422946.0
28.63,77.07,601711.0
28.63,77.08,665419.0
28.63,77.09,616170.0
28.63,77.1,763201.0
28.63,77.11,737131.0
28.63,77.12,514697.0
28.63,77.13,770901.0
28.63,77.14,905143.0
28.63,77.15,577385.0
28.63,77.16,704367.0
28.63,77.17,451000.0
28.63,77.18,601168.0
28.63,77.19,343044.0
28.63,77.2,488143.0
28.63,77.21,480324.0
28.63,77.22,612090.0
28.63,77.23,1166175.0
28.63,77.24,665106.0
28.63,77.25,472646.0
28.63,77.26,508485.0
28.63,77.27,660027.0
28.63,77.28,619621.0
28.63,77.29,602249.0
28.63,77.3,586148.0
28.63,77.31,524940.0
28.63,77.32,521364.0
28.63,77.33,676657.0
28.63,77.34,742179.0
28.63,77.35,512851.0
28.63,77.36,782584.0
28.63,77.37,396988.0
28.64,77.06,312942.0
28.64,77.07,551466.0
28.64,77.08,628390.0
28.64,77.09,750651.0
28.64,77.1,507642.0
28.64,77.11,499643.0
28.64,77.12,505227.0
28.64,77.13,996445.0
28.64,77.14,707030.0
28.64,77.15,740552.0
28.64,77.16,825963.0
28.64,77.17,664226.0
28.64,77.18,500039.0
28.64,77.19,624068.0
28.64,77.2,546676.0
28.64,77.21,415279.0
28.64,77.22,513433.0
28.64,77.23,430514.0
28.64,77.24,701256.0
28.64,77.25,915554.0
28.64,77.26,852460.0
28.64,77.27,898411.0
28.64,77.28,622672.0
28.64,77.29,456548.0
28.64,77.3,462539.0
28.64,77.31,533617.0
28.64,77.32,829396.0
28.64,77.33,482012.0
28.64,77.34,862171.0
28.64,77.35,535278.0
28.64,77.36,631112.0
28.64,77.37,536521.0
28.64,79.48,59086.0
28.65,77.06,385657.0
28.65,77.07,400176.0
28.65,77.08,786413.0
28.65,77.09,846755.0
28.65,77.1,656924.0
28.65,77.11,227697.0
28.65,77.12,589582.0
28.65,77.13,308401.0
28.65,77.14,616558.0
28.65,77.15,666195.0
28.65,77.16,628115.0
28.65,77.17,525553.0
28.65,77.18,463583.0
28.65,77.19,896872.0
28.65,77.2,708645.0
28.65,77.21,788900.0
28.65,77.22,799066.0
28.65,77.23,679209.0
28.65,77.24,581641.0
28.65,77.25,826460.0
28.65,77.26,533561.0
28.65,77.27,552699.0
28.65,77.28,434472.0
28.65,77.29,852047.0
28.65,77.3,387165.0
28.65,77.31,652369.0
28.65,77.32,478658.0
28.65,77.33,512267.0
28.65,77.34,814140.0
28.65,77.35,376160.0
28.65,77.36,758033.0
28.65,77.37,366143.0
28.65,87.81,59168.0
28.66,77.06,265132.0
28.66,77.07,896552.0
28.66,77.08,310651.0
28.66,77.09,343873.0
28.66,77.1,590578.0
28.66,77.11,572830.0
28.66,77.12,816047.0
28.66,77.13,1020053.0
28.66,77.14,582885.0
28.66,77.15,635826.0
28.66,77.16,533563.0
28.66,77.17,701788.0
28.66,77.18,352740.0
28.66,77.19,635872.0
28.66,77.2,843537.0
28.66,77.21,412085.0
28.66,77.22,489329.0
28.66,77.23,962178.0
28.66,77.24,596475.0
28.66,77.25,768471.0
28.66,77.26,492052.0
28.66,77.27,670061.0
28.66,77.28,728709.0
28.66,77.29,853275.0
28.66,77.3,493665.0
28.66,77.31,695197.0
28.66,77.32,473325.0
28.66,77.33,1005429.0
28.66,77.34,715469.0
28.66,77.35,504584.0
28.66,77.36,664646.0
28.66,77.37,461572.0
28.67,77.06,419806.0
28.67,77.07,411459.0
28.67,77.08,685239.0
28.67,77.09,417897.0
28.67,77.1,416454.0
28.67,77.11,503272.0
28.67,77.12,544536.0
28.67,77.13,531401.0
28.67,77.14,759486.0
28.67,77.15,534440.0
28.67,77.16,711602.0
28.67,77.17,423316.0
28.67,77.18,667105.0
28.67,77.19,497765.0
28.67,77.2,671150.0
28.67,77.21,305725.0
28.67,77.22,558740.0
28.67,77.23,471348.0
28.67,77.24,652522.0
28.67,77.25,943957.0
28.67,77.26,672082.0
28.67,77.27,503465.0
28.67,77.28,876696.0
28.67,77.29,689968.0
28.67,77.3,694495.0
28.67,77.31,454716.0
28.67,77.32,508856.0
28.67,77.33,761121.0
28.67,77.34,272168.0
28.67,77.35,469262.0
28.67,77.36,781348.0
28.67,77.37,487496.0
28.67,79.17,59992.0
28.68,77.06,375465.0
28.68,77.07,650177.0
28.68,77.08,715677.0
28.68,77.09,639026.0
28.68,77.1,702750.0
28.68,77.11,631981.0
28.68,77.12,769609.0
28.68,77.13,552270.0
28.68,77.14,711100.0
28.68,77.15,856180.0
28.68,77.16,624231.0
28.68,77.17,783189.0
28.68,77.18,698568.0
28.68,77.19,604580.0
28.68,77.2,659114.0
28.68,77.21,324580.0
28.68,77.22,397626.0
28.68,77.23,570171.0
28.68,77.24,664843.0
28.68,77.25,642221.0
28.68,77.26,897769.0
28.68,77.27,729058.0
28.68,77.28,552274.0
28.68,77.29,581278.0
28.68,77.3,470368.0
28.68,77.31,871252.0
28.68,77.32,734986.0
28.68,77.33,508396.0
28.68,77.34,834644.0
28.68,77.35,562983.0
28.68,77.36,587487.0
28.68,77.37,350137.0
28.69,77.06,598625.0
28.69,77.07,730138.0
28.69,77.08,654884.0
28.69,77.09,736300.0
28.69,77.1,757225.0
28.69,77.11,752581.0
28.69,77.12,657921.0
28.69,77.13,875854.0
28.69,77.14,880605.0
28.69,77.15,718738.0
28.69,77.16,732399.0
28.69,77.17,507816.0
28.69,77.18,694617.0
28.69,77.19,872491.0
28.69,77.2,743781.0
28.69,77.21,662198.0
28.69,77.22,478026.0
28.69,77.23,472148.0
28.69,77.24,662726.0
28.69,77.25,666680.0
28.69,77.26,392900.0
28.69,77.27,660782.0
28.69,77.28,621691.0
28.69,77.29,813234.0
28.69,77.3,657312.0
28.69,77.31,530469.0
28.69,77.32,601503.0
28.69,77.33,442291.0
28.69,77.34,532276.0
28.69,77.35,517850.0
28.69,77.36,672129.0
28.69,77.37,351809.0
28.69,83.94,59212.0
28.7,77.06,580032.0
28.7,77.07,604929.0
28.7,77.08,890409.0
28.7,77.09,670962.0
28.7,77.1,354617.0
28.7,77.11,688057.0
28.7,77.12,661654.0
28.7,77.13,738044.0
28.7,77.14,625161.0
28.7,77.15,647682.0
28.7,77.16,740362.0
28.7,77.17,437528.0
28.7,77.18,460003.0
28.7,77.19,639555.0
28.7,77.2,578326.0
28.7,77.21,535833.0
28.7,77.22,572783.0
28.7,77.23,781701.0
28.7,77.24,611859.0
28.7,77.25,544973.0
28.7,77.26,550707.0
28.7,77.27,770696.0
28.7,77.28,587958.0
28.7,77.29,665618.0
28.7,77.3,959153.0
28.7,77.31,768552.0
28.7,77.32,637065.0
28.7,77.33,621848.0
28.7,77.34,929526.0
28.7,77.35,299476.0
28.7,77.36,582341.0
28.7,77.37,432462.0
28.71,77.06,550023.0
28.71,77.07,401380.0
28.71,77.08,462428.0
28.71,77.09,619925.0
28.71,77.1,354642.0
28.71,77.11,505198.0
28.71,77.12,432382.0
28.71,77.13,449592.0
28.71,77.14,469509.0
28.71,77.15,584818.0
28.71,77.16,633580.0
28.71,77.17,650776.0
28.71,77.18,549519.0
28.71,77.19,818622.0
28.71,77.2,674278.0
28.71,77.21,1131709.0
28.71,77.22,265040.0
28.71,77.23,395424.0
28.71,77.24,527335.0
28.71,77.25,741717.0
28.71,77.26,843304.0
28.71,77.27,714598.0
28.71,77.28,458243.0
28.71,77.29,703169.0
28.71,77.3,751605.0
28.71,77.31,572889.0
28.71,77.32,957463.0
28.71,77.33,961662.0
28.71,77.34,770585.0
28.71,77.35,533557.0
28.71,77.36,1079226.0
28.71,77.37,266808.0
28.72,77.06,567738.0
28.72,77.07,575491.0
28.72,77.08,857857.0
28.72,77.09,737364.0
28.72,77.1,780765.0
28.72,77.11,761133.0
28.72,77.12,305860.0
28.72,77.13,391630.0
28.72,77.14,633879.0
28.72,77.15,851274.0
28.72,77.16,589910.0
28.72,77.17,415200.0
28.72,77.18,608261.0
28.72,77.19,427869.0
28.72,77.2,750244.0
28.72,77.21,735693.0
28.72,77.22,536637.0
28.72,77.23,461220.0
28.72,77.24,594051.0
28.72,77.25,539003.0
28.72,77.26,662562.0
28.72,77.27,312605.0
28.72,77.28,802018.0
28.72,77.29,966936.0
28.72,77.3,314885.0
28.72,77.31,544201.0
28.72,77.32,526799.0
28.72,77.33,848272.0
28.72,77.34,616531.0
28.72,77.35,737826.0
28.72,77.36,379830.0
28.72,77.37,431652.0
28.73,74.15,59617.0
28.73,77.06,82738.0
28.73,77.07,162548.0
28.73,77.08,265228.0
28.73,77.09,354855.0
28.73,77.1,117929.0
28.73,77.11,158753.0
28.73,77.12,152165.0
28.73,77.13,161164.0
28.73,77.14,267217.0
28.73,77.15,232448.0
28.73,77.16,36119.0
28.73,77.17,281516.0
28.73,77.18,151591.0
28.73,77.19,272921.0
28.73,77.2,315311.0
28.73,77.21,272678.0
28.73,77.22,155504.0
28.73,77.23,250345.0
28.73,77.24,268827.0
28.73,77.25,123578.0
28.73,77.26,387577.0
28.73,77.27,187336.0
28.73,77.28,290804.0
28.73,77.29,122275.0
28.73,77.3,356529.0
28.73,77.31,33990.0
28.73,77.32,79703.0
28.73,77.33,186879.0
28.73,77.34,281473.0
28.73,77.35,155508.0
28.73,77.36,140481.0
28.74,86.34,59305.0
28.75,69.58,59419.0
28.75,69.64,59402.0
28.76,69.09,59167.0
28.76,83.28,59334.0
28.77,87.99,59698.0
28.78,79.91,59423.0
28.78,87.2,59362.0
28.8,84.39,58849.0
28.86,84.79,59635.0
28.86,85.28,59406.0
28.87,80.99,59816.0
28.87,82.13,59932.0
28.87,84.29,59383.0
28.88,85.27,59936.0
28.89,69.25,59064.0
28.94,79.03,59062.0
28.94,81.72,59516.0
28.97,77.64,59553.0
28.99,83.94,59966.0
29.01,86.23,59811.0
29.02,72.28,59463.0
29.06,70.84,59085.0
29.07,70.33,59007.0
29.08,72.27,59711.0
29.09,71.48,59135.0
29.14,71.33,59412.0
29.14,72.17,59834.0
29.14,81.03,59469.0
29.15,80.14,58995.0
29.16,82.35,59903.0
29.17,82.06,59878.0
29.17,87.61,59761.0
29.2,88.27,58932.0
29.22,84.08,59162.0
29.22,86.98,59276.0
29.23,81.92,59765.0
29.24,72.29,59117.0
29.25,74.7,59584.0
29.25,84.88,58836.0
29.28,87.37,59070.0
29.29,70.74,58855.0
29.29,82.86,59726.0
29.3,69.02,58974.0
29.3,80.83,59389.0
29.3,85.79,59670.0
29.31,69.29,59013.0
29.31,70.07,58967.0
29.32,74.0,59112.0
29.32,85.24,59234.0
29.34,70.87,59619.0
29.34,79.75,59199.0
29.41,72.57,59039.0
29.41,83.1,59788.0
29.43,69.92,59214.0
29.44,83.25,59993.0
29.46,72.47,59886.0
29.49,78.75,59772.0
29.49,79.42,59697.0
29.5,69.79,59841.0
29.5,71.14,59791.0
29.59,86.15,59476.0
29.61,86.42,59325.0
29.62,75.84,59400.0
29.62,83.85,59120.0
29.63,84.2,59385.0
29.64,72.25,59543.0
29.7,76.65,59487.0
29.72,70.26,59269.0
29.72,81.31,59868.0
29.72,87.85,59163.0
29.73,73.37,59503.0
29.73,75.2,59652.0
29.73,87.39,59567.0
29.74,74.9,59691.0
29.74,84.65,59296.0
29.74,88.32,59920.0
29.75,84.8,59124.0
29.75,85.62,59824.0
29.75,86.3,59414.0
29.78,82.12,58994.0
29.78,88.18,59901.0
29.79,78.0,59074.0
29.81,74.31,59860.0
29.82,69.11,59403.0
29.85,77.69,59690.0
29.86,69.75,59462.0
29.86,78.3,59011.0
29.88,80.32,59415.0
29.89,69.02,59850.0
29.89,76.41,59084.0
29.9,70.07,59662.0
29.92,73.16,59571.0
29.92,74.49,59618.0
29.94,76.87,58879.0
29.94,80.2,58811.0
29.94,84.42,59104.0
29.96,73.01,59602.0
29.97,80.81,59971.0
29.99,86.51,59496.0
30.01,71.36,59585.0
30.02,73.1,59283.0
30.06,72.03,59583.0
30.07,74.59,58813.0
30.07,88.12,59577.0
30.13,74.01,59311.0
30.13,74.1,59018.0
30.13,85.83,59928.0
30.14,86.55,59978.0
30.18,69.74,59754.0
30.18,80.82,59209.0
30.2,69.38,59160.0
30.27,80.15,59260.0
30.28,80.98,59800.0
30.29,71.76,59957.0
30.3,82.69,58862.0
30.34,77.87,59592.0
30.34,78.13,59065.0
30.34,86.0,59250.0
30.36,78.13,59525.0
30.37,86.01,58908.0
30.38,80.14,58814.0
30.38,81.33,59977.0
30.44,82.49,59059.0
30.47,87.85,59563.0
30.49,84.45,59036.0
30.5,71.22,59228.0
30.5,84.25,58805.0
30.51,82.01,59695.0
30.53,77.85,59693.0
30.54,78.05,59950.0
30.55,76.45,58801.0
30.56,84.47,59890.0
30.57,73.86,58874.0
30.59,84.81,58949.0
30.6,69.53,59096.0
30.6,75.03,59639.0
30.6,87.54,59272.0
30.62,73.88,59395.0
30.67,79.13,59426.0
30.67,80.47,59201.0
30.68,84.72,59407.0
30.68,85.56,59557.0
30.68,87.7,59482.0
30.71,81.69,59056.0
30.75,71.36,59688.0
30.77,69.65,59040.0
30.77,87.52,59728.0
30.77,88.01,58941.0
30.81,70.07,59183.0
30.81,82.8,58802.0
30.82,75.49,59770.0
30.82,84.58,59681.0
30.84,80.53,59434.0
30.84,81.74,59361.0
30.87,75.9,59510.0
30.87,82.34,59570.0
30.87,83.91,59729.0
30.9,85.02,59308.0
30.91,80.79,59227.0
30.94,73.21,59713.0
30.96,73.42,58972.0
30.96,76.04,59342.0
30.97,74.9,59547.0
30.97,84.59,59643.0
31.0,72.21,59280.0
31.0,72.73,58842.0
31.03,81.84,59289.0
31.06,82.95,59137.0
31.06,86.4,59533.0
31.07,77.75,59232.0
